{"N": 3, "dt": 0.5, "map": "boston-seaport", "lw": [[4.084000110626221, 1.7300000190734863], [4.796000003814697, 1.9290000200271606], [4.730999946594238, 1.9199999570846558]], "sem": [[1.0, 0.0], [1.0, 0.0], [1.0, 0.0]], "past": [[[1937.238525390625, 859.2407836914062, -0.02637641318142414, 0.999652087688446, 0.7486734390258789, 0.0005186601192690432], [1937.2208251953125, 859.957763671875, -0.026882266625761986, 0.9996386170387268, 1.4332157373428345, 0.0010111909359693527], [1937.1961669921875, 860.7406616210938, -0.029435889795422554, 0.9995666742324829, 1.5669337511062622, 0.005110614933073521], [1937.1734619140625, 861.4267578125, -0.031559184193611145, 0.9995018839836121, 1.374840259552002, 0.004254310857504606]], [[1934.7750244140625, 887.833984375, -0.4236777722835541, -0.9058129787445068, 5.659546852111816, 0.08738476037979126], [1933.89794921875, 885.7119750976562, -0.3756905496120453, -0.9267451763153076, 4.5882086753845215, 0.10462935268878937], [1933.287109375, 883.947021484375, -0.32667359709739685, -0.9451372027397156, 3.7365097999572754, 0.1047472283244133], [1932.8079833984375, 882.2780151367188, -0.2767612338066101, -0.9609386920928955, 3.4774465560913086, 0.1048613116145134]], [[2029.5030517578125, 863.3159790039062, -0.05594348534941673, -0.9984339475631714, 1.1920928955078125e-07, 0.0], [2029.5030517578125, 863.3159790039062, -0.05594348534941673, -0.9984339475631714, 1.1920928955078125e-07, 0.0], [2029.5030517578125, 863.3159790039062, -0.05594348534941673, -0.9984339475631714, 1.1920928955078125e-07, 0.0], [2029.5030517578125, 863.3159790039062, -0.05594348534941673, -0.9984339475631714, 1.1920928955078125e-07, 0.0]]], "fut_init": [[[1937.159912109375, 861.9420166015625, -0.03276590630412102, 0.9994609951972961], [1937.1302490234375, 862.744140625, -0.0466715544462204, 0.9988252520561218], [1937.0374755859375, 863.9570922851562, -0.12261322885751724, 0.9923335313796997], [1936.8482666015625, 865.2203979492188, -0.19502957165241241, 0.9807190895080566], [1936.5172119140625, 866.6712036132812, -0.28963205218315125, 0.9570332765579224], [1935.771728515625, 868.5737915039062, -0.4707475006580353, 0.8811110854148865], [1934.9315185546875, 869.9075927734375, -0.6146325469017029, 0.7885565161705017], [1933.616455078125, 871.308349609375, -0.7690278887748718, 0.6383023262023926], [1931.334716796875, 872.7595825195312, -0.9219801425933838, 0.38372671604156494], [1927.931640625, 873.5657348632812, -0.9976965188980103, 0.029851509258151054], [1924.1123046875, 873.5193481445312, -0.9997244477272034, -0.023473752662539482], [1919.9326171875, 873.4154052734375, -0.9997050166130066, -0.024287065491080284]], [[1932.2557373046875, 880.5735473632812, -0.30828431248664856, -0.9512942433357239], [1931.5382080078125, 878.8743896484375, -0.38908255100250244, -0.9212028980255127], [1930.560546875, 877.2652587890625, -0.519220769405365, -0.8546401858329773], [1929.2159423828125, 875.7614135742188, -0.6665419340133667, -0.7454675436019897], [1927.407470703125, 874.4329223632812, -0.8058974742889404, -0.5920552015304565], [1925.0809326171875, 873.3731689453125, -0.9100258946418762, -0.41455143690109253], [1922.218994140625, 872.67578125, -0.9715716242790222, -0.23674575984477997], [1918.782958984375, 872.3768310546875, -0.9962365031242371, -0.08667632937431335], [1914.8148193359375, 872.4144897460938, -0.9999550580978394, 0.00948352087289095], [1910.3380126953125, 872.5774536132812, -0.9993380904197693, 0.036378614604473114], [1905.3980712890625, 872.5010986328125, -0.9998805522918701, -0.015455433167517185], [1900.0872802734375, 871.8323364257812, -0.992164671421051, -0.12493722140789032]], [[2029.5030517578125, 863.3159790039062, -0.05594351887702942, -0.9984339475631714], [2029.5030517578125, 863.3159790039062, -0.05594351887702942, -0.9984339475631714], [2029.5030517578125, 863.3159790039062, -0.05594351887702942, -0.9984339475631714], [2029.5030517578125, 863.3159790039062, -0.05594351887702942, -0.9984339475631714], [2029.5030517578125, 863.3159790039062, -0.05594351887702942, -0.9984339475631714], [2029.5030517578125, 863.3159790039062, -0.05594351887702942, -0.9984339475631714], [2029.5030517578125, 863.3159790039062, -0.05594351887702942, -0.9984339475631714], [2029.5030517578125, 863.3159790039062, -0.05594351887702942, -0.9984339475631714], [2029.5030517578125, 863.3159790039062, -0.05594351887702942, -0.9984339475631714], [2029.5030517578125, 863.3159790039062, -0.05594351887702942, -0.9984339475631714], [2029.5030517578125, 863.3159790039062, -0.05594351887702942, -0.9984339475631714], [2029.5030517578125, 863.3159790039062, -0.05594351887702942, -0.9984339475631714]]], "fut_adv": [[[1937.159912109375, 861.9420166015625, -0.03276590630412102, 0.9994609951972961], [1937.156982421875, 862.04638671875, -0.03520998731255531, 0.9993799328804016], [1937.156982421875, 862.04638671875, -0.03520998731255531, 0.9993799328804016], [1937.156982421875, 862.04638671875, -0.03520998731255531, 0.9993799328804016], [1937.156982421875, 862.04638671875, -0.03520998731255531, 0.9993799328804016], [1937.156982421875, 862.04638671875, -0.03520998731255531, 0.9993799328804016], [1937.156982421875, 862.04638671875, -0.03520998731255531, 0.9993799328804016], [1937.156982421875, 862.04638671875, -0.03520998731255531, 0.9993799328804016], [1937.156982421875, 862.04638671875, -0.03520998731255531, 0.9993799328804016], [1937.156982421875, 862.04638671875, -0.03520998731255531, 0.9993799328804016], [1937.156982421875, 862.04638671875, -0.03520998731255531, 0.9993799328804016], [1937.153076171875, 862.1663208007812, -0.03712630271911621, 0.9993105530738831]], [[1932.436767578125, 880.6194458007812, -0.21849563717842102, -0.9758379459381104], [1932.171875, 878.9509887695312, -0.15675505995750427, -0.9876375198364258], [1932.0103759765625, 877.253173828125, -0.0947151929140091, -0.9955044388771057], [1931.96875, 875.4658203125, -0.023294173181056976, -0.9997286796569824], [1932.0970458984375, 873.4765625, 0.06439906358718872, -0.9979242086410522], [1932.4600830078125, 871.2845458984375, 0.1634499877691269, -0.9865516424179077], [1933.1114501953125, 868.9153442382812, 0.2651069164276123, -0.9642190337181091], [1934.12060546875, 866.5425415039062, 0.39138972759246826, -0.9202250242233276], [1935.51318359375, 864.3670043945312, 0.5391281247138977, -0.8422237634658813], [1937.193359375, 862.5032348632812, 0.6696001291275024, -0.7427218556404114], [1939.016845703125, 860.9183349609375, 0.7547789812088013, -0.6559792160987854], [1940.7398681640625, 859.8598022460938, 0.8520606756210327, -0.5234431028366089]], [[2029.5030517578125, 863.3159790039062, -0.05594351887702942, -0.9984339475631714], [2029.5030517578125, 863.3159790039062, -0.05594351887702942, -0.9984339475631714], [2029.5030517578125, 863.3159790039062, -0.05594351887702942, -0.9984339475631714], [2029.5030517578125, 863.3159790039062, -0.05594351887702942, -0.9984339475631714], [2029.5030517578125, 863.3159790039062, -0.05594351887702942, -0.9984339475631714], [2029.5030517578125, 863.3159790039062, -0.05594351887702942, -0.9984339475631714], [2029.5030517578125, 863.3159790039062, -0.05594351887702942, -0.9984339475631714], [2029.5030517578125, 863.3159790039062, -0.05594351887702942, -0.9984339475631714], [2029.5030517578125, 863.3159790039062, -0.05594351887702942, -0.9984339475631714], [2029.5030517578125, 863.3159790039062, -0.05594351887702942, -0.9984339475631714], [2029.5030517578125, 863.3159790039062, -0.05594351887702942, -0.9984339475631714], [2029.5030517578125, 863.3159790039062, -0.05594351887702942, -0.9984339475631714]]],