{"N": 3, "dt": 0.5, "map": "singapore-hollandvillage", "lw": [[4.084000110626221, 1.7300000190734863], [6.427000045776367, 2.184999942779541], [5.107999801635742, 1.9630000591278076]], "sem": [[1.0, 0.0], [0.0, 1.0], [0.0, 1.0]], "past": [[[2442.566650390625, 682.6171875, -0.1312667280435562, 0.991347074508667, 7.378742694854736, 0.0003102500340901315], [2442.045654296875, 686.3211669921875, -0.13141195476055145, 0.9913278222084045, 7.483362674713135, -0.00029308150988072157], [2441.529052734375, 689.9889526367188, -0.13572238385677338, 0.9907469153404236, 7.40956974029541, -0.008700812235474586], [2441.007080078125, 693.6448974609375, -0.13679064810276031, 0.9905999898910522, 7.380034923553467, -0.002154833870008588]], [[2434.4150390625, 719.2830200195312, 0.14000265300273895, -0.9901511073112488, 0.05434119701385498, 0.0], [2434.44091796875, 719.2869873046875, 0.14000265300273895, -0.9901511073112488, 0.05262887477874756, 0.0], [2434.468017578125, 719.291015625, 0.14000265300273895, -0.9901511073112488, 0.05460190773010254, 0.0], [2434.493896484375, 719.2949829101562, 0.14000265300273895, -0.9901511073112488, 0.05256819725036621, 0.0]], [[2429.77099609375, 746.5499877929688, 0.16678595542907715, -0.9859931468963623, 0.03650259971618652, 0.0], [2429.77099609375, 746.5499877929688, 0.16678595542907715, -0.9859931468963623, 1.1920928955078125e-07, 0.0], [2429.77099609375, 746.5499877929688, 0.16678595542907715, -0.9859931468963623, 1.1920928955078125e-07, 0.0], [2429.77099609375, 746.5499877929688, 0.16678595542907715, -0.9859931468963623, 1.1920928955078125e-07, 0.0]]], "fut_init": [[[2440.532470703125, 696.8173217773438, -0.1489376574754715, 0.9888465404510498], [2440.167236328125, 699.266845703125, -0.14810292422771454, 0.9889719486236572], [2439.922607421875, 700.9122924804688, -0.14759108424186707, 0.9890484809875488], [2439.73681640625, 702.1630859375, -0.14745847880840302, 0.9890682697296143], [2439.57568359375, 703.246826171875, -0.14738522469997406, 0.9890791773796082], [2439.483154296875, 703.8704223632812, -0.1473252922296524, 0.9890881180763245], [2439.476318359375, 703.91650390625, -0.14732374250888824, 0.9890882968902588], [2439.476318359375, 703.91650390625, -0.14732374250888824, 0.9890882968902588], [2439.476318359375, 703.91650390625, -0.14732374250888824, 0.9890882968902588], [2439.476318359375, 703.91650390625, -0.14732374250888824, 0.9890882968902588], [2439.476318359375, 703.91650390625, -0.14732374250888824, 0.9890882968902588], [2439.458740234375, 704.0352172851562, -0.14732004702091217, 0.9890888929367065]], [[2434.493896484375, 719.2949829101562, 0.1398787647485733, -0.9901686310768127], [2434.493896484375, 719.2949829101562, 0.1398787647485733, -0.9901686310768127], [2434.493896484375, 719.2949829101562, 0.1398787647485733, -0.9901686310768127], [2434.493896484375, 719.2949829101562, 0.1398787647485733, -0.9901686310768127], [2434.493896484375, 719.2949829101562, 0.1398787647485733, -0.9901686310768127], [2434.493896484375, 719.2949829101562, 0.1398787647485733, -0.9901686310768127], [2434.493896484375, 719.2949829101562, 0.1398787647485733, -0.9901686310768127], [2434.493896484375, 719.2949829101562, 0.1398787647485733, -0.9901686310768127], [2434.493896484375, 719.2949829101562, 0.1398787647485733, -0.9901686310768127], [2434.493896484375, 719.2949829101562, 0.1398787647485733, -0.9901686310768127], [2434.493896484375, 719.2949829101562, 0.1398787647485733, -0.9901686310768127], [2434.493896484375, 719.2949829101562, 0.1398787647485733, -0.9901686310768127]], [[2429.77099609375, 746.5499877929688, 0.16678589582443237, -0.9859931468963623], [2429.77099609375, 746.5499877929688, 0.16678589582443237, -0.9859931468963623], [2429.77099609375, 746.5499877929688, 0.16678589582443237, -0.9859931468963623], [2429.77099609375, 746.5499877929688, 0.16678589582443237, -0.9859931468963623], [2429.77099609375, 746.5499877929688, 0.16678589582443237, -0.9859931468963623], [2429.77099609375, 746.5499877929688, 0.16678589582443237, -0.9859931468963623], [2429.77099609375, 746.5499877929688, 0.16678589582443237, -0.9859931468963623], [2429.77099609375, 746.5499877929688, 0.16678589582443237, -0.9859931468963623], [2429.77099609375, 746.5499877929688, 0.16678589582443237, -0.9859931468963623], [2429.77099609375, 746.5499877929688, 0.16678589582443237, -0.9859931468963623], [2429.77099609375, 746.5499877929688, 0.16678589582443237, -0.9859931468963623], [2429.77099609375, 746.5499877929688, 0.16678589582443237, -0.9859931468963623]]], "fut_adv": [[[2440.532470703125, 696.8173217773438, -0.1489376574754715, 0.9888465404510498], [2440.167236328125, 699.266845703125, -0.14810292422771454, 0.9889719486236572], [2439.9228515625, 700.91015625, -0.14758865535259247, 0.9890488386154175], [2439.796142578125, 701.7635498046875, -0.14738507568836212, 0.9890791773796082], [2439.775146484375, 701.9056396484375, -0.1473814696073532, 0.9890797138214111], [2439.775146484375, 701.9056396484375, -0.1473814696073532, 0.9890797138214111], [2439.77392578125, 701.913818359375, -0.1473812758922577, 0.9890797734260559], [2439.710693359375, 702.3394775390625, -0.14737078547477722, 0.9890813231468201], [2439.70458984375, 702.3804321289062, -0.14736980199813843, 0.9890814423561096], [2439.70458984375, 702.3804321289062, -0.14736980199813843, 0.9890814423561096], [2439.70458984375, 702.3804321289062, -0.14736980199813843, 0.9890814423561096], [2439.68701171875, 702.4990844726562, -0.1473669409751892, 0.989081859588623]], [[2434.552490234375, 718.8815307617188, 0.14019721746444702, -0.9901235699653625], [2434.634765625, 718.3179321289062, 0.14454886317253113, -0.9894976615905762], [2434.753173828125, 717.5482788085938, 0.15201149880886078, -0.9883787035942078], [2434.9150390625, 716.5733642578125, 0.16369861364364624, -0.9865103960037231], [2435.130615234375, 715.3977661132812, 0.18037524819374084, -0.9835978746414185], [2435.410400390625, 714.0342407226562, 0.2009320855140686, -0.9796051979064941], [2435.771484375, 712.4879150390625, 0.22738376259803772, -0.9738052487373352], [2436.23486328125, 710.783935546875, 0.2624618709087372, -0.9649423360824585], [2436.808837890625, 708.9314575195312, 0.2959943115711212, -0.9551897048950195], [2437.485107421875, 706.94580078125, 0.3224177956581116, -0.9465974569320679], [2438.216796875, 704.8292236328125, 0.32674577832221985, -0.9451122879981995], [2438.91162109375, 702.571533203125, 0.2941597104072571, -0.9557563066482544]], [[2429.77099609375, 746.5499877929688, 0.16678589582443237, -0.9859931468963623], [2429.77099609375, 746.5499877929688, 0.16678589582443237, -0.9859931468963623], [2429.77099609375, 746.5499877929688, 0.16678589582443237, -0.9859931468963623], [2429.77099609375, 746.5499877929688, 0.16678589582443237, -0.9859931468963623], [2429.77099609375, 746.5499877929688, 0.16678589582443237, -0.9859931468963623], [2429.77099609375, 746.5499877929688, 0.16678589582443237, -0.9859931468963623], [2429.77099609375, 746.5499877929688, 0.16678589582443237, -0.9859931468963623], [2429.77099609375, 746.5499877929688, 0.16678589582443237, -0.9859931468963623], [2429.77099609375, 746.5499877929688, 0.16678589582443237, -0.9859931468963623], [2429.77099609375, 746.5499877929688, 0.16678589582443237, -0.9859931468963623], [2429.77099609375, 746.5499877929688, 0.16678589582443237, -0.9859931468963623], [2429.77099609375, 746.5499877929688, 0.16678589582443237, -0.9859931468963623]]],