{"N": 3, "dt": 0.5, "map": "boston-seaport", "lw": [[4.084000110626221, 1.7300000190734863], [5.843999862670898, 2.252000093460083], [9.444999694824219, 3.868000030517578]], "sem": [[1.0, 0.0], [1.0, 0.0], [0.0, 1.0]], "past": [[[845.1043090820312, 1362.0177001953125, -0.8623405694961548, 0.5063287019729614, 7.676451206207275, 0.0009257702622562647], [841.8662109375, 1363.95458984375, -0.8627097010612488, 0.5056995153427124, 7.548180103302002, 0.0014592615189030766], [838.7236938476562, 1365.8486328125, -0.8615570068359375, 0.5076608061790466, 7.340102195739746, -0.004550952930003405], [834.966552734375, 1368.122314453125, -0.860295295715332, 0.5097960233688354, 7.326557159423828, -0.004137651063501835]], [[NaN, NaN, NaN, NaN, NaN, NaN], [885.7340087890625, 1332.8299560546875, -0.8496994972229004, 0.5272672772407532, 15.969359397888184, 0.011638347990810871], [878.8900146484375, 1336.93896484375, -0.8527526259422302, 0.5223150253295898, 15.969359397888184, 0.011638347990810871], [872.0449829101562, 1341.0469970703125, -0.8466176390647888, 0.5322016477584839, 13.318421363830566, -0.01941189542412758]], [[NaN, NaN, NaN, NaN, NaN, NaN], [NaN, NaN, NaN, NaN, NaN, NaN], [NaN, NaN, NaN, NaN, NaN, NaN], [748.2559814453125, 1407.427001953125, 0.831886351108551, -0.5549460649490356, 8.245278358459473, 0.0]]], "fut_init": [[[831.3453369140625, 1370.436767578125, -0.8375046849250793, 0.5464235544204712], [827.005615234375, 1373.1729736328125, -0.8441931009292603, 0.5360376834869385], [821.9602661132812, 1376.3182373046875, -0.8483011722564697, 0.5295131206512451], [816.2276611328125, 1379.8707275390625, -0.8500779271125793, 0.5266568660736084], [809.8349609375, 1383.8232421875, -0.850637674331665, 0.5257523655891418], [803.2254028320312, 1387.8863525390625, -0.8525937795639038, 0.522574245929718], [796.6103515625, 1391.940673828125, -0.852609395980835, 0.5225487947463989], [789.9952392578125, 1395.994873046875, -0.8526115417480469, 0.5225452184677124], [783.3812255859375, 1400.0509033203125, -0.852332353591919, 0.5230005383491516], [776.768310546875, 1404.108642578125, -0.8523322343826294, 0.5230007171630859], [770.1553955078125, 1408.1663818359375, -0.8523322343826294, 0.5230007767677307], [763.54248046875, 1412.22412109375, -0.8523321747779846, 0.5230007767677307]], [[865.9396362304688, 1344.9654541015625, -0.8415782451629639, 0.5401352643966675], [859.6141357421875, 1349.06396484375, -0.8392322659492493, 0.5437731742858887], [853.1203002929688, 1353.2315673828125, -0.8415929079055786, 0.5401123762130737], [846.4519653320312, 1357.3592529296875, -0.850283145904541, 0.526325523853302], [839.5913696289062, 1361.3719482421875, -0.8631900548934937, 0.5048791766166687], [832.5661010742188, 1365.2740478515625, -0.8741990327835083, 0.48556777834892273], [825.438232421875, 1369.15576171875, -0.8782182931900024, 0.4782600402832031], [818.2986450195312, 1373.1826171875, -0.8710130453109741, 0.49125993251800537], [811.240234375, 1377.52978515625, -0.8514694571495056, 0.5244042277336121], [804.3045043945312, 1382.246337890625, -0.8269134759902954, 0.5623292326927185], [797.4260864257812, 1387.2744140625, -0.8073054552078247, 0.590133786201477], [790.5181884765625, 1392.48291015625, -0.7984664440155029, 0.6020393967628479]], [[751.8012084960938, 1405.0849609375, 0.8343651294708252, -0.5512121915817261], [755.3543701171875, 1402.748046875, 0.8354880809783936, -0.5495086312294006], [758.8855590820312, 1400.42626953125, 0.8355618715286255, -0.5493963360786438], [762.396484375, 1398.1180419921875, 0.8355870246887207, -0.5493581295013428], [765.891357421875, 1395.8221435546875, 0.8357796669006348, -0.5490649938583374], [769.378662109375, 1393.532470703125, 0.8359242677688599, -0.5488448143005371], [772.8443603515625, 1391.25244140625, 0.835426390171051, -0.5496023893356323], [776.2742309570312, 1388.9798583984375, 0.8336124420166016, -0.5523498058319092], [779.6746215820312, 1386.7088623046875, 0.8315921425819397, -0.5553867816925049], [783.0341796875, 1384.4404296875, 0.8287611603736877, -0.5596024990081787], [786.336669921875, 1382.168701171875, 0.8238965272903442, -0.5667402744293213], [789.5681762695312, 1379.861572265625, 0.8138558864593506, -0.5810668468475342]]], "fut_adv": [[[831.3453369140625, 1370.436767578125, -0.8375046849250793, 0.5464235544204712], [827.005615234375, 1373.1729736328125, -0.8441931009292603, 0.5360376834869385], [821.9602661132812, 1376.3182373046875, -0.8483011722564697, 0.5295131206512451], [816.2276611328125, 1379.8707275390625, -0.8500779271125793, 0.5266568660736084], [809.8349609375, 1383.8232421875, -0.850637674331665, 0.5257523655891418], [803.2254028320312, 1387.8863525390625, -0.8525937795639038, 0.522574245929718], [796.9384765625, 1391.739501953125, -0.8526090979576111, 0.5225492715835571], [791.3535766601562, 1395.162353515625, -0.8526113033294678, 0.5225456953048706], [786.442626953125, 1398.1724853515625, -0.8524730801582336, 0.5227710604667664], [782.2173461914062, 1400.7650146484375, -0.8523321151733398, 0.5230008959770203], [778.6834106445312, 1402.9334716796875, -0.8523321747779846, 0.5230008363723755], [775.6115112304688, 1404.8184814453125, -0.8523321747779846, 0.5230008363723755]], [[865.898681640625, 1345.2196044921875, -0.8273548483848572, 0.5616796016693115], [859.6259765625, 1349.9586181640625, -0.7978907227516174, 0.6028020977973938], [853.4074096679688, 1355.240478515625, -0.7621790170669556, 0.6473663449287415], [847.2643432617188, 1360.975830078125, -0.7309454679489136, 0.682435929775238], [841.1011962890625, 1367.0291748046875, -0.7134326696395874, 0.7007237672805786], [834.7518920898438, 1373.2896728515625, -0.7120679020881653, 0.7021105885505676], [827.8926391601562, 1379.631103515625, -0.7342804670333862, 0.6788462996482849], [820.588134765625, 1386.073486328125, -0.7499772310256958, 0.6614636778831482], [812.9247436523438, 1392.655517578125, -0.7585998177528381, 0.6515569090843201], [805.0830078125, 1399.622802734375, -0.7475594878196716, 0.6641948819160461], [797.461669921875, 1407.4833984375, -0.6960968375205994, 0.7179479002952576], [790.478515625, 1416.559326171875, -0.6098018288612366, 0.7925539612770081]], [[751.6531372070312, 1405.3760986328125, 0.8560879230499268, -0.5168302655220032], [754.9998168945312, 1403.648193359375, 0.8885618448257446, -0.4587568938732147], [758.2730102539062, 1402.2620849609375, 0.9208367466926575, -0.3899483382701874], [761.4480590820312, 1401.21044921875, 0.949281632900238, -0.31442710757255554], [764.4916381835938, 1400.4918212890625, 0.9732405543327332, -0.229788675904274], [767.3179931640625, 1400.0870361328125, 0.9899004101753235, -0.14176449179649353], [769.9247436523438, 1399.9486083984375, 0.9985928535461426, -0.053031470626592636], [772.2821655273438, 1400.0689697265625, 0.9986979365348816, 0.051013559103012085], [774.266845703125, 1400.408447265625, 0.9856866598129272, 0.1685875803232193], [775.8165893554688, 1400.8941650390625, 0.954220175743103, 0.2991050183773041], [776.9300537109375, 1401.42041015625, 0.9041272401809692, 0.4272632598876953], [777.4545288085938, 1401.75, 0.8466928005218506, 0.5320820808410645]]],