{"N": 3, "dt": 0.5, "map": "singapore-queenstown", "lw": [[4.084000110626221, 1.7300000190734863], [4.363999843597412, 1.6460000276565552], [4.2129998207092285, 1.7940000295639038]], "sem": [[1.0, 0.0], [1.0, 0.0], [1.0, 0.0]], "past": [[[1033.857177734375, 1958.5311279296875, 0.9964123964309692, -0.08463053405284882, 6.718653202056885, -0.008923337794840336], [1037.2095947265625, 1958.2734375, 0.9967803955078125, -0.08018006384372711, 6.718653202056885, -0.008923337794840336], [1040.412841796875, 1958.038818359375, 0.9973514080047607, -0.07273314893245697, 6.424834251403809, -0.014940425753593445], [1042.9478759765625, 1957.900146484375, 0.9989385008811951, -0.046063244342803955, 6.342611789703369, -0.0667453184723854]], [[994.4690551757812, 1960.884033203125, 0.9968726634979248, -0.07902456820011139, 9.604873657226562, -0.0039174179546535015], [999.2650146484375, 1960.5628662109375, 0.9970256686210632, -0.07707008719444275, 9.604873657226562, -0.0039174179546535015], [1004.0559692382812, 1960.241943359375, 0.9971746802330017, -0.07511742413043976, 9.60530948638916, -0.003917419817298651], [1007.8920288085938, 1959.9849853515625, 0.9972912669181824, -0.07355363667011261, 9.604392051696777, -0.0039174179546535015]], [[NaN, NaN, NaN, NaN, NaN, NaN], [1115.634033203125, 2001.9820556640625, -0.8362957239151001, -0.5482786297798157, 11.866223335266113, 0.0], [1110.68994140625, 1998.7039794921875, -0.8362957239151001, -0.5482786297798157, 11.866223335266113, 0.0], [1106.73095703125, 1996.0789794921875, -0.8362957239151001, -0.5482786297798157, 11.866694450378418, 0.0]]], "fut_init": [[[1046.7264404296875, 1957.5460205078125, 0.9966195821762085, -0.07260087877511978], [1051.326171875, 1957.80859375, 0.9821154475212097, 0.18383541703224182], [1056.4471435546875, 1959.568603515625, 0.8867740631103516, 0.4596152603626251], [1061.7506103515625, 1962.83984375, 0.8407264351844788, 0.5414575934410095], [1067.1925048828125, 1966.3748779296875, 0.8383148908615112, 0.5451862812042236], [1072.8778076171875, 1970.0782470703125, 0.8379117250442505, 0.5458057522773743], [1079.1953125, 1974.195068359375, 0.8377928137779236, 0.5459882616996765], [1085.6953125, 1978.4315185546875, 0.8377715349197388, 0.5460209846496582], [1092.1951904296875, 1982.6676025390625, 0.8377680778503418, 0.5460262298583984], [1098.695068359375, 1986.9041748046875, 0.8377676010131836, 0.5460269451141357], [1105.195068359375, 1991.140625, 0.8377675414085388, 0.5460270643234253], [1111.6949462890625, 1995.376953125, 0.837767481803894, 0.5460271239280701]], [[1012.5668334960938, 1959.605712890625, 0.9967244267463684, -0.08087249100208282], [1017.0496826171875, 1959.173828125, 0.995388925075531, -0.09592119604349136], [1021.3447875976562, 1958.6650390625, 0.9930580854415894, -0.11762502789497375], [1025.4986572265625, 1958.09228515625, 0.9906275868415833, -0.13659058511257172], [1029.52294921875, 1957.533203125, 0.9904852509498596, -0.13761883974075317], [1033.438232421875, 1957.115234375, 0.9943544864654541, -0.10610897094011307], [1037.2664794921875, 1956.90576171875, 0.9985077977180481, -0.05460969731211662], [1041.03564453125, 1956.9161376953125, 0.9999961853027344, 0.002754770452156663], [1044.7452392578125, 1957.1363525390625, 0.998245120048523, 0.059217166155576706], [1048.40869140625, 1957.5867919921875, 0.9925243854522705, 0.12204665690660477], [1052.021728515625, 1958.3363037109375, 0.979149580001831, 0.20314069092273712], [1055.4925537109375, 1959.370361328125, 0.9583762288093567, 0.2855083644390106]], [[1101.77197265625, 1992.814453125, -0.8352627158164978, -0.5498510599136353], [1096.9139404296875, 1989.5498046875, -0.8299975395202637, -0.5577670931816101], [1092.1854248046875, 1986.3218994140625, -0.8259057998657227, -0.5638081431388855], [1087.5692138671875, 1983.1920166015625, -0.8276821374893188, -0.5611972212791443], [1083.0362548828125, 1980.213134765625, -0.835693895816803, -0.5491955280303955], [1078.58251953125, 1977.4171142578125, -0.8469277620315552, -0.5317080020904541], [1074.2359619140625, 1974.813720703125, -0.8578957319259644, -0.5138238072395325], [1070.043212890625, 1972.3707275390625, -0.864033579826355, -0.5034341812133789], [1066.041748046875, 1970.0594482421875, -0.8659308552742004, -0.5001637935638428], [1062.2713623046875, 1967.8551025390625, -0.863286554813385, -0.5047141313552856], [1058.7052001953125, 1965.776123046875, -0.8639211058616638, -0.5036271810531616], [1055.259521484375, 1963.964599609375, -0.8851253390312195, -0.4653526842594147]]], "fut_adv": [[[1046.7264404296875, 1957.5460205078125, 0.9966195821762085, -0.07260087877511978], [1051.326171875, 1957.80859375, 0.9821154475212097, 0.18383541703224182], [1056.4471435546875, 1959.568603515625, 0.8867740631103516, 0.4596152603626251], [1061.7506103515625, 1962.83984375, 0.8407264351844788, 0.5414575934410095], [1067.465087890625, 1966.55224609375, 0.8382739424705505, 0.5452492237091064], [1072.6270751953125, 1969.914794921875, 0.8379055857658386, 0.5458151698112488], [1077.147216796875, 1972.8602294921875, 0.837815523147583, 0.5459534525871277], [1081.947998046875, 1975.989013671875, 0.8377869725227356, 0.5459972620010376], [1087.4107666015625, 1979.549560546875, 0.8377732038497925, 0.5460184216499329], [1093.546142578125, 1983.548095703125, 0.8377686738967896, 0.5460253357887268], [1100.03857421875, 1987.7796630859375, 0.8377677202224731, 0.5460268259048462], [1106.53857421875, 1992.016357421875, 0.8377675414085388, 0.5460270643234253]], [[1012.4097900390625, 1959.624755859375, 0.9968332052230835, -0.07952115684747696], [1016.5862426757812, 1959.2454833984375, 0.9959023594856262, -0.0904347151517868], [1020.4473266601562, 1958.8343505859375, 0.9943797588348389, -0.10587180405855179], [1024.046142578125, 1958.3880615234375, 0.9923983812332153, -0.12306681275367737], [1027.4151611328125, 1957.93505859375, 0.991083025932312, -0.13324572145938873], [1030.5654296875, 1957.5302734375, 0.9918442368507385, -0.12745580077171326], [1033.5338134765625, 1957.2374267578125, 0.9951748847961426, -0.09811731427907944], [1036.3402099609375, 1957.0811767578125, 0.9984546303749084, -0.05557258054614067], [1039.0159912109375, 1957.04638671875, 0.9999147653579712, -0.013054398819804192], [1041.5701904296875, 1957.1024169921875, 0.9997583627700806, 0.021983174607157707], [1044.0302734375, 1957.2279052734375, 0.9987035989761353, 0.05090315639972687], [1046.398681640625, 1957.422119140625, 0.9966510534286499, 0.08177179098129272]], [[1101.72509765625, 1992.659912109375, -0.8257723450660706, -0.5640036463737488], [1096.8126220703125, 1989.0950927734375, -0.8093543648719788, -0.5873206853866577], [1092.046875, 1985.42333984375, -0.7921563982963562, -0.610318124294281], [1087.3929443359375, 1981.732421875, -0.7835077047348022, -0.6213821172714233], [1082.799560546875, 1978.0902099609375, -0.7835647463798523, -0.6213101744651794], [1078.206787109375, 1974.57177734375, -0.7938323616981506, -0.6081367135047913], [1073.57275390625, 1971.261474609375, -0.8137190937995911, -0.5812583565711975], [1068.8824462890625, 1968.2576904296875, -0.8421095609664917, -0.5393065214157104], [1064.1407470703125, 1965.611328125, -0.8732128739356995, -0.4873390197753906], [1059.382080078125, 1963.3564453125, -0.9036774635314941, -0.42821383476257324], [1054.606689453125, 1961.545654296875, -0.935045063495636, -0.35452893376350403], [1049.8394775390625, 1960.1561279296875, -0.9600531458854675, -0.27981775999069214]]],