{"N": 3, "dt": 0.5, "map": "singapore-hollandvillage", "lw": [[4.084000110626221, 1.7300000190734863], [6.427000045776367, 2.184999942779541], [5.107999801635742, 1.9630000591278076]], "sem": [[1.0, 0.0], [0.0, 1.0], [0.0, 1.0]], "past": [[[2437.7197265625, 717.9156494140625, -0.13440117239952087, 0.99092698097229, 6.974058628082275, -0.020238514989614487], [2437.22509765625, 721.315185546875, -0.14293308556079865, 0.9897323250770569, 6.864168643951416, -0.01721421256661415], [2436.70068359375, 724.69970703125, -0.1523994654417038, 0.9883189797401428, 6.859641075134277, -0.019170090556144714], [2436.158447265625, 728.0802612304688, -0.15312910079956055, 0.9882062077522278, 6.8569722175598145, -0.0014786559622734785]], [[2434.52099609375, 719.2979736328125, 0.14000265300273895, -0.9901511073112488, 1.1920928955078125e-07, 0.0], [2434.52099609375, 719.2979736328125, 0.14000265300273895, -0.9901511073112488, 1.1920928955078125e-07, 0.0], [2434.52099609375, 719.2979736328125, 0.14000265300273895, -0.9901511073112488, 1.1920928955078125e-07, 0.0], [2434.52099609375, 719.2979736328125, 0.14000265300273895, -0.9901511073112488, 1.1920928955078125e-07, 0.0]], [[2429.840087890625, 746.5609741210938, 0.16678595542907715, -0.9859931468963623, 1.1920928955078125e-07, 0.0], [2429.840087890625, 746.5609741210938, 0.16678595542907715, -0.9859931468963623, 1.1920928955078125e-07, 0.0], [2429.840087890625, 746.5609741210938, 0.16678595542907715, -0.9859931468963623, 1.1920928955078125e-07, 0.0], [2429.840087890625, 746.5609741210938, 0.16678595542907715, -0.9859931468963623, 1.1920928955078125e-07, 0.0]]], "fut_init": [[[2435.6572265625, 730.97802734375, -0.18793116509914398, 0.9821754693984985], [2435.300537109375, 733.155029296875, -0.1740405410528183, 0.9847374558448792], [2435.0830078125, 734.5287475585938, -0.16462567448616028, 0.9863550662994385], [2434.9921875, 735.1139526367188, -0.16328610479831696, 0.9865787625312805], [2434.98681640625, 735.1489868164062, -0.16326498985290527, 0.9865822792053223], [2434.98681640625, 735.1489868164062, -0.16326498985290527, 0.9865822792053223], [2434.98681640625, 735.1489868164062, -0.16326498985290527, 0.9865822792053223], [2434.98681640625, 735.1489868164062, -0.16326498985290527, 0.9865822792053223], [2434.98681640625, 735.1489868164062, -0.16326498985290527, 0.9865822792053223], [2434.98681640625, 735.1489868164062, -0.16326498985290527, 0.9865822792053223], [2434.98681640625, 735.1489868164062, -0.16326498985290527, 0.9865822792053223], [2434.968505859375, 735.267578125, -0.16319522261619568, 0.9865937829017639]], [[2434.52099609375, 719.2979736328125, 0.14000257849693298, -0.9901511669158936], [2434.52099609375, 719.2979736328125, 0.14000245928764343, -0.9901511669158936], [2434.52099609375, 719.2979736328125, 0.14000245928764343, -0.9901511669158936], [2434.52099609375, 719.2979736328125, 0.14000245928764343, -0.9901511669158936], [2434.52099609375, 719.2979736328125, 0.14000245928764343, -0.9901511669158936], [2434.52099609375, 719.2979736328125, 0.14000245928764343, -0.9901511669158936], [2434.52099609375, 719.2979736328125, 0.14000245928764343, -0.9901511669158936], [2434.52099609375, 719.2979736328125, 0.14000245928764343, -0.9901511669158936], [2434.52099609375, 719.2979736328125, 0.14000245928764343, -0.9901511669158936], [2434.52099609375, 719.2979736328125, 0.14000245928764343, -0.9901511669158936], [2434.52099609375, 719.2979736328125, 0.14000245928764343, -0.9901511669158936], [2434.52099609375, 719.2979736328125, 0.14000245928764343, -0.9901511669158936]], [[2429.840087890625, 746.5609741210938, 0.16678589582443237, -0.9859931468963623], [2429.840087890625, 746.5609741210938, 0.16678589582443237, -0.9859931468963623], [2429.840087890625, 746.5609741210938, 0.16678589582443237, -0.9859931468963623], [2429.840087890625, 746.5609741210938, 0.16678589582443237, -0.9859931468963623], [2429.840087890625, 746.5609741210938, 0.16678589582443237, -0.9859931468963623], [2429.840087890625, 746.5609741210938, 0.16678589582443237, -0.9859931468963623], [2429.840087890625, 746.5609741210938, 0.16678589582443237, -0.9859931468963623], [2429.840087890625, 746.5609741210938, 0.16678589582443237, -0.9859931468963623], [2429.840087890625, 746.5609741210938, 0.16678589582443237, -0.9859931468963623], [2429.840087890625, 746.5609741210938, 0.16678589582443237, -0.9859931468963623], [2429.840087890625, 746.5609741210938, 0.16678589582443237, -0.9859931468963623], [2429.840087890625, 746.5609741210938, 0.16678589582443237, -0.9859931468963623]]], "fut_adv": [[[2435.6572265625, 730.97802734375, -0.18793116509914398, 0.9821754693984985], [2435.300537109375, 733.155029296875, -0.1740405410528183, 0.9847374558448792], [2435.0830078125, 734.5287475585938, -0.16462567448616028, 0.9863550662994385], [2434.9921875, 735.1139526367188, -0.16328610479831696, 0.9865787625312805], [2434.98681640625, 735.1489868164062, -0.16326498985290527, 0.9865822792053223], [2434.98681640625, 735.1489868164062, -0.16326498985290527, 0.9865822792053223], [2434.98681640625, 735.1489868164062, -0.16326498985290527, 0.9865822792053223], [2434.98681640625, 735.1489868164062, -0.16326498985290527, 0.9865822792053223], [2434.98681640625, 735.1489868164062, -0.16326498985290527, 0.9865822792053223], [2434.98681640625, 735.1489868164062, -0.16326498985290527, 0.9865822792053223], [2434.98681640625, 735.1489868164062, -0.16326498985290527, 0.9865822792053223], [2434.968505859375, 735.267578125, -0.16319522261619568, 0.9865937829017639]], [[2434.52099609375, 719.2979736328125, 0.14000257849693298, -0.9901511669158936], [2434.52099609375, 719.2979736328125, 0.14000245928764343, -0.9901511669158936], [2434.52099609375, 719.2979736328125, 0.14000245928764343, -0.9901511669158936], [2434.52099609375, 719.2979736328125, 0.14000245928764343, -0.9901511669158936], [2434.52099609375, 719.2979736328125, 0.14000245928764343, -0.9901511669158936], [2434.52099609375, 719.2979736328125, 0.14000245928764343, -0.9901511669158936], [2434.52099609375, 719.2979736328125, 0.14000245928764343, -0.9901511669158936], [2434.52099609375, 719.2979736328125, 0.14000245928764343, -0.9901511669158936], [2434.52099609375, 719.2979736328125, 0.14000245928764343, -0.9901511669158936], [2434.52099609375, 719.2979736328125, 0.14000245928764343, -0.9901511669158936], [2434.52099609375, 719.2979736328125, 0.14000245928764343, -0.9901511669158936], [2434.52099609375, 719.2979736328125, 0.14000245928764343, -0.9901511669158936]], [[2429.884765625, 746.2965698242188, 0.16678589582443237, -0.9859931468963623], [2429.95068359375, 745.9541015625, 0.18909256160259247, -0.9819592833518982], [2430.03466796875, 745.5863037109375, 0.2226991355419159, -0.9748871922492981], [2430.15234375, 745.145751953125, 0.258052796125412, -0.966130793094635], [2430.337646484375, 744.548095703125, 0.29629775881767273, -0.955095648765564], [2430.62060546875, 743.7634887695312, 0.3391993045806885, -0.9407145380973816], [2431.017578125, 742.8078002929688, 0.3836318254470825, -0.9234861135482788], [2431.53857421875, 741.7041625976562, 0.4269382953643799, -0.9042807817459106], [2432.17724609375, 740.5177001953125, 0.47396454215049744, -0.8805439472198486], [2432.940673828125, 739.271484375, 0.5224120020866394, -0.8526932001113892], [2433.786865234375, 738.0728759765625, 0.5767542123794556, -0.8169177770614624], [2434.69677734375, 736.9404907226562, 0.6263476014137268, -0.779543936252594]]],