{"N": 2, "dt": 0.5, "map": "singapore-hollandvillage", "lw": [[4.084000110626221, 1.7300000190734863], [6.427000045776367, 2.184999942779541]], "sem": [[1.0, 0.0], [0.0, 1.0]], "past": [[[2448.259033203125, 642.0942993164062, -0.12297800183296204, 0.9924094080924988, 8.686339378356934, 0.004614036064594984], [2447.71826171875, 646.40771484375, -0.12068609148263931, 0.9926907420158386, 8.686339378356934, 0.004614036064594984], [2447.155517578125, 650.7719116210938, -0.12541721761226654, 0.9921041131019592, 8.80346965789795, -0.009537652134895325], [2446.54931640625, 655.1595458984375, -0.13241516053676605, 0.9911943674087524, 8.870650291442871, -0.014132872223854065]], [[NaN, NaN, NaN, NaN, NaN, NaN], [NaN, NaN, NaN, NaN, NaN, NaN], [NaN, NaN, NaN, NaN, NaN, NaN], [2434.388916015625, 719.280029296875, 0.14000265300273895, -0.9901511073112488, 0.1338750123977661, 0.0]]], "fut_init": [[[2445.778564453125, 660.052490234375, -0.16155019402503967, 0.9868570566177368], [2445.1123046875, 664.5401000976562, -0.14898711442947388, 0.9888377785682678], [2444.4951171875, 668.8812866210938, -0.14200398325920105, 0.9898658990859985], [2443.90576171875, 673.0901489257812, -0.13979800045490265, 0.9901799559593201], [2443.335205078125, 677.1900024414062, -0.1384367048740387, 0.9903712868690491], [2442.81005859375, 680.9773559570312, -0.13773386180400848, 0.9904692769050598], [2442.389892578125, 684.001220703125, -0.13922137022018433, 0.9902612566947937], [2442.078125, 686.2088623046875, -0.1414201855659485, 0.9899495840072632], [2441.7978515625, 688.1659545898438, -0.1430223435163498, 0.9897193908691406], [2441.55419921875, 689.8440551757812, -0.1447567641735077, 0.9894672632217407], [2441.313720703125, 691.4821166992188, -0.14633643627166748, 0.9892348647117615], [2441.109130859375, 692.863525390625, -0.14683391153812408, 0.9891611337661743]], [[2434.388916015625, 719.280029296875, 0.14108747243881226, -0.989997148513794], [2434.388916015625, 719.280029296875, 0.1410873532295227, -0.989997148513794], [2434.388916015625, 719.280029296875, 0.1410873532295227, -0.989997148513794], [2434.388916015625, 719.280029296875, 0.1410873532295227, -0.989997148513794], [2434.388916015625, 719.280029296875, 0.1410873532295227, -0.989997148513794], [2434.388916015625, 719.280029296875, 0.1410873532295227, -0.989997148513794], [2434.388916015625, 719.280029296875, 0.1410873532295227, -0.989997148513794], [2434.388916015625, 719.280029296875, 0.1410873532295227, -0.989997148513794], [2434.388916015625, 719.280029296875, 0.1410873532295227, -0.989997148513794], [2434.388916015625, 719.280029296875, 0.1410873532295227, -0.989997148513794], [2434.388916015625, 719.280029296875, 0.1410873532295227, -0.989997148513794], [2434.388916015625, 719.280029296875, 0.1410873532295227, -0.989997148513794]]], "fut_adv": [[[2445.778564453125, 660.052490234375, -0.16155019402503967, 0.9868570566177368], [2445.11572265625, 664.5164184570312, -0.14895057678222656, 0.9888430833816528], [2444.5703125, 668.35693359375, -0.14204369485378265, 0.9898602366447449], [2444.143310546875, 671.4077758789062, -0.13993361592292786, 0.9901608824729919], [2443.828125, 673.6719360351562, -0.13881874084472656, 0.9903178215026855], [2443.626708984375, 675.124755859375, -0.13808120787143707, 0.9904208779335022], [2443.4267578125, 676.5653076171875, -0.13830991089344025, 0.9903889894485474], [2443.13525390625, 678.6656494140625, -0.13833662867546082, 0.9903852343559265], [2442.921875, 680.20458984375, -0.13777586817741394, 0.9904634356498718], [2442.819091796875, 680.9483642578125, -0.13761506974697113, 0.9904857873916626], [2442.8076171875, 681.031005859375, -0.13761340081691742, 0.9904860258102417], [2442.75830078125, 681.3876342773438, -0.13763032853603363, 0.9904836416244507]], [[2434.516357421875, 718.3812866210938, 0.140312060713768, -0.9901073575019836], [2434.759521484375, 716.7371826171875, 0.1463145762681961, -0.9892381429672241], [2435.130859375, 714.4639282226562, 0.1612401157617569, -0.9869152307510376], [2435.66943359375, 711.6528930664062, 0.1881672441959381, -0.9821370244026184], [2436.425537109375, 708.3880004882812, 0.22563374042510986, -0.9742122292518616], [2437.44482421875, 704.6663818359375, 0.2641749382019043, -0.9644747972488403], [2438.72216796875, 700.4930419921875, 0.2926875352859497, -0.9562081098556519], [2440.1650390625, 695.8323364257812, 0.29571533203125, -0.9552761316299438], [2441.55712890625, 690.625244140625, 0.25828394293785095, -0.9660690426826477], [2442.535888671875, 684.7437133789062, 0.1641428917646408, -0.9864365458488464], [2442.87353515625, 678.2255859375, 0.051730018109083176, -0.9986611008644104], [2442.9375, 671.1987915039062, 0.009106108918786049, -0.9999585151672363]]], "fut_internal_ego": [[2446.03955078125, 659.421875, -0.11877698451280594, 0.9929209351539612], [2445.575439453125, 663.4222412109375, -0.11526292562484741, 0.9933350086212158], [2445.107666015625, 667.0944213867188, -0.12638431787490845, 0.9919813275337219], [2444.6123046875, 670.3848876953125, -0.14883722364902496, 0.9888617396354675], [2444.128173828125, 673.2418823242188, -0.16704384982585907, 0.9859494566917419], [2443.7099609375, 675.6524658203125, -0.17094455659389496, 0.9852806329727173], [2443.39453125, 677.5983276367188, -0.16003617644309998, 0.9871111512184143], [2443.194091796875, 679.0298461914062, -0.13866768777370453, 0.9903389811515808], [2443.088134765625, 679.9301147460938, -0.11697136610746384, 0.9931352734565735], [2443.052490234375, 680.2752075195312, -0.10295145958662033, 0.9946863651275635], [2443.052490234375, 680.2752075195312, -0.09909354150295258, 0.9950781464576721], [2443.052490234375, 680.2752075195312, -0.09909354150295258, 0.9950781464576721]], "fut_sol": [[[2446.064697265625, 658.6503295898438, -0.1375056654214859, 0.9905009865760803], [2445.521240234375, 661.2196655273438, -0.20690521597862244, 0.9783610105514526], [2444.951171875, 663.0740966796875, -0.293878436088562, 0.9558427929878235], [2444.42529296875, 664.3956909179688, -0.36967548727989197, 0.9291609525680542], [2444.018798828125, 665.2646484375, -0.4236394762992859, 0.9058309197425842], [2443.78125, 665.7340698242188, -0.45146870613098145, 0.8922869563102722], [2443.733642578125, 665.8255004882812, -0.46227937936782837, 0.8867343068122864], [2443.733642578125, 665.8255004882812, -0.4634591042995453, 0.8861182928085327], [2443.733642578125, 665.8255004882812, -0.4634591042995453, 0.8861182928085327], [2443.733642578125, 665.8255004882812, -0.4634591042995453, 0.8861182928085327], [2443.733642578125, 665.8255004882812, -0.4634591042995453, 0.8861182928085327], [2443.733642578125, 665.8255004882812, -0.4634591042995453, 0.8861182928085327]], [[2434.516357421875, 718.3812866210938, 0.140312060713768, -0.9901073575019836], [2434.759521484375, 716.7371826171875, 0.1463145762681961, -0.9892381429672241], [2435.130859375, 714.4639282226562, 0.1612401157617569, -0.9869152307510376], [2435.66943359375, 711.6528930664062, 0.1881672441959381, -0.9821370244026184], [2436.425537109375, 708.3880004882812, 0.22563374042510986, -0.9742122292518616], [2437.44482421875, 704.6663818359375, 0.2641749382019043, -0.9644747972488403], [2438.72216796875, 700.4930419921875, 0.2926875352859497, -0.9562081098556519], [2440.1650390625, 695.8323364257812, 0.29571533203125, -0.9552761316299438], [2441.55712890625, 690.625244140625, 0.25828394293785095, -0.9660690426826477], [2442.535888671875, 684.7437133789062, 0.1641428917646408, -0.9864365458488464], [2442.87353515625, 678.2255859375, 0.051730018109083176, -0.9986611008644104], [2442.9375, 671.1987915039062, 0.009106108918786049, -0.9999585151672363]]], "attack_agt": 1, "attack_t": 10,