{"N": 3, "dt": 0.5, "map": "boston-seaport", "lw": [[4.084000110626221, 1.7300000190734863], [5.7829999923706055, 2.311000108718872], [4.684000015258789, 1.8930000066757202]], "sem": [[1.0, 0.0], [1.0, 0.0], [1.0, 0.0]], "past": [[[860.7796020507812, 554.861328125, -0.6627259850502014, -0.7488619685173035, 8.862764358520508, -0.012652148492634296], [857.8897094726562, 551.7042846679688, -0.6750364303588867, -0.7377843856811523, 8.562309265136719, -0.03313080221414566], [854.7750244140625, 548.405029296875, -0.6870571374893188, -0.7266033887863159, 8.254138946533203, -0.02986617013812065], [852.0106201171875, 545.566162109375, -0.6964759230613708, -0.7175801396369934, 7.927390098571777, -0.026095062494277954]], [[NaN, NaN, NaN, NaN, NaN, NaN], [776.426025390625, 450.6969909667969, 0.6575199365615845, 0.7534371614456177, 7.363370895385742, 0.0], [779.1320190429688, 453.7070007324219, 0.6575199365615845, 0.7534371614456177, 7.363370895385742, 0.0], [781.5910034179688, 456.4440002441406, 0.6575199365615845, 0.7534371614456177, 7.3610029220581055, 0.0]], [[NaN, NaN, NaN, NaN, NaN, NaN], [NaN, NaN, NaN, NaN, NaN, NaN], [NaN, NaN, NaN, NaN, NaN, NaN], [799.3870239257812, 498.90997314453125, 0.6618092060089111, 0.7496722936630249, 1.1920928955078125e-07, 0.0]]], "fut_init": [[[849.3450317382812, 541.8123779296875, -0.5427438616752625, -0.8397502303123474], [846.02099609375, 537.5051879882812, -0.6038124561309814, -0.7970920205116272], [842.0367431640625, 532.6819458007812, -0.6385882496833801, -0.7695263028144836], [837.4401245117188, 527.3302001953125, -0.6548908352851868, -0.7557193040847778], [832.3610229492188, 521.5516967773438, -0.6635382771492004, -0.7481414675712585], [827.5556030273438, 516.1566772460938, -0.6628560423851013, -0.7487413883209229], [823.31396484375, 511.3072509765625, -0.6524527668952942, -0.7578287124633789], [819.6693725585938, 507.0302734375, -0.6441713571548462, -0.7648789286613464], [816.5765380859375, 503.3217468261719, -0.6362099051475525, -0.7715141177177429], [814.026611328125, 500.2059326171875, -0.6297050714492798, -0.776833176612854], [811.94677734375, 497.6252136230469, -0.6260732412338257, -0.7797641158103943], [809.5772705078125, 494.68804931640625, -0.6315340399742126, -0.7753481268882751]], [[783.9799194335938, 459.2164001464844, 0.6527654528617859, 0.757560133934021], [786.2966918945312, 461.9346008300781, 0.6486718058586121, 0.7610682845115662], [788.527099609375, 464.5704040527344, 0.6459655165672302, 0.7633666396141052], [790.677734375, 467.12957763671875, 0.6433566212654114, 0.7655666470527649], [792.762451171875, 469.6263732910156, 0.640923798084259, 0.7676045298576355], [794.7982788085938, 472.06951904296875, 0.6401669383049011, 0.7682358622550964], [796.7931518554688, 474.46173095703125, 0.6404461860656738, 0.7680030465126038], [798.7523803710938, 476.8123779296875, 0.6402536630630493, 0.7681636214256287], [800.690185546875, 479.11334228515625, 0.6441593170166016, 0.7648913860321045], [802.6143188476562, 481.35845947265625, 0.6507423520088196, 0.7592986226081848], [804.5249633789062, 483.5394287109375, 0.6589470505714417, 0.7521893382072449], [806.4269409179688, 485.6607666015625, 0.6675646305084229, 0.7445518970489502]], [[799.3870239257812, 498.90997314453125, 0.6618092060089111, 0.7496722936630249], [799.3870239257812, 498.90997314453125, 0.6618092060089111, 0.7496722936630249], [799.3870239257812, 498.90997314453125, 0.6618092060089111, 0.7496722936630249], [799.3870239257812, 498.90997314453125, 0.6618092060089111, 0.7496722936630249], [799.3870239257812, 498.90997314453125, 0.6618092060089111, 0.7496722936630249], [799.3870239257812, 498.90997314453125, 0.6618092060089111, 0.7496722936630249], [799.3870239257812, 498.90997314453125, 0.6618092060089111, 0.7496722936630249], [799.3870239257812, 498.90997314453125, 0.6618092060089111, 0.7496722936630249], [799.3870239257812, 498.90997314453125, 0.6618092060089111, 0.7496722936630249], [799.3870239257812, 498.90997314453125, 0.6618092060089111, 0.7496722936630249], [799.3870239257812, 498.90997314453125, 0.6618092060089111, 0.7496722936630249], [799.3870239257812, 498.90997314453125, 0.6618092060089111, 0.7496722936630249]]], "fut_adv": [[[849.3450317382812, 541.8123779296875, -0.5427438616752625, -0.8397502303123474], [846.02099609375, 537.5051879882812, -0.6038124561309814, -0.7970920205116272], [842.0367431640625, 532.6819458007812, -0.6385882496833801, -0.7695263028144836], [837.4401245117188, 527.3302001953125, -0.6548908352851868, -0.7557193040847778], [832.3610229492188, 521.5516967773438, -0.6635382771492004, -0.7481414675712585], [827.240478515625, 515.8001708984375, -0.6622306704521179, -0.7492948174476624], [822.598876953125, 510.4759521484375, -0.6510143280029297, -0.7590644359588623], [818.5655517578125, 505.7147521972656, -0.641214907169342, -0.7673588395118713], [815.056396484375, 501.4698486328125, -0.6326149106025696, -0.7744637131690979], [811.3457641601562, 496.87664794921875, -0.6267493367195129, -0.7792208194732666], [807.7501220703125, 492.45648193359375, -0.6360519528388977, -0.7716432213783264], [804.452880859375, 488.4928283691406, -0.6443220973014832, -0.7647542357444763]], [[783.99560546875, 459.2440490722656, 0.6515094041824341, 0.7586405873298645], [786.326904296875, 462.0198059082031, 0.6431357860565186, 0.7657521963119507], [788.5675659179688, 464.7520751953125, 0.6341137290000916, 0.7732398509979248], [790.7239990234375, 467.45672607421875, 0.6234089136123657, 0.7818959951400757], [792.8097534179688, 470.1512145996094, 0.6121138334274292, 0.790769636631012], [794.8364868164062, 472.8387756347656, 0.6021003723144531, 0.7984204292297363], [796.8102416992188, 475.5220031738281, 0.5925493836402893, 0.8055341839790344], [798.7481689453125, 478.1895446777344, 0.5877586007118225, 0.809036374092102], [800.6708374023438, 480.8373718261719, 0.5875651836395264, 0.8091768622398376], [802.5830688476562, 483.4595031738281, 0.5892256498336792, 0.8079685568809509], [804.5056762695312, 486.0412292480469, 0.5972766876220703, 0.8020352721214294], [806.4479370117188, 488.5576171875, 0.6110196113586426, 0.7916154861450195]], [[799.3870239257812, 498.90997314453125, 0.6618092060089111, 0.7496722936630249], [799.3870239257812, 498.90997314453125, 0.6618092060089111, 0.7496722936630249], [799.3870239257812, 498.90997314453125, 0.6618092060089111, 0.7496722936630249], [799.3870239257812, 498.90997314453125, 0.6618092060089111, 0.7496722936630249], [799.3870239257812, 498.90997314453125, 0.6618092060089111, 0.7496722936630249], [799.3870239257812, 498.90997314453125, 0.6618092060089111, 0.7496722936630249], [799.3870239257812, 498.90997314453125, 0.6618092060089111, 0.7496722936630249], [799.3870239257812, 498.90997314453125, 0.6618092060089111, 0.7496722936630249], [799.3870239257812, 498.90997314453125, 0.6618092060089111, 0.7496722936630249], [799.3870239257812, 498.90997314453125, 0.6618092060089111, 0.7496722936630249], [799.3870239257812, 498.90997314453125, 0.6618092060089111, 0.7496722936630249], [799.3870239257812, 498.90997314453125, 0.6618092060089111, 0.7496722936630249]]],