{"N": 3, "dt": 0.5, "map": "singapore-queenstown", "lw": [[4.084000110626221, 1.7300000190734863], [3.6440000534057617, 1.6160000562667847], [4.453999996185303, 1.99399995803833]], "sem": [[1.0, 0.0], [1.0, 0.0], [1.0, 0.0]], "past": [[[616.1787719726562, 2031.2596435546875, 0.8588724136352539, 0.5121895670890808, 3.9062795639038086, 0.0038261832669377327], [618.1617431640625, 2032.462646484375, 0.8605086803436279, 0.5094357132911682, 4.634588241577148, 0.006400986574590206], [620.458740234375, 2033.8612060546875, 0.8583310842514038, 0.513096272945404, 5.379658222198486, -0.008520682342350483], [622.9681396484375, 2035.408203125, 0.8509529232978821, 0.5252419114112854, 5.903751850128174, -0.028460629284381866]], [[548.0050048828125, 2005.805908203125, -0.9637651443481445, -0.2667521834373474, 5.819613933563232, 0.027926059439778328], [545.8729858398438, 2005.135986328125, -0.9637651443481445, -0.2667521834373474, 4.465702056884766, 0.0], [544.3800048828125, 2004.5489501953125, -0.9637651443481445, -0.2667521834373474, 3.20928955078125, 0.0], [542.8889770507812, 2003.962158203125, -0.9637651443481445, -0.2667521834373474, 3.209097385406494, 0.0]], [[658.0349731445312, 2064.97412109375, -0.7529421448707581, -0.6580867171287537, 7.178628921508789, 0.0130986999720335], [655.3770141601562, 2062.55810546875, -0.7572397589683533, -0.6531370282173157, 7.177616596221924, 0.013098694384098053], [652.7150268554688, 2060.3798828125, -0.7707457542419434, -0.6371427774429321, 6.880625247955322, 0.041878845542669296], [650.0230102539062, 2058.2470703125, -0.78389972448349, -0.6208874583244324, 6.878481388092041, 0.041878845542669296]]], "fut_init": [[[625.012451171875, 2036.766357421875, 0.8243850469589233, 0.5660286545753479], [626.4376220703125, 2037.7166748046875, 0.8257315158843994, 0.5640631318092346], [627.18408203125, 2038.215576171875, 0.8259948492050171, 0.5636775493621826], [627.3182983398438, 2038.3055419921875, 0.8257930874824524, 0.5639732480049133], [627.3182983398438, 2038.3055419921875, 0.8257930874824524, 0.5639732480049133], [627.7612915039062, 2038.6033935546875, 0.82518470287323, 0.5648623704910278], [628.8504028320312, 2039.3419189453125, 0.8209446668624878, 0.5710071325302124], [630.6116333007812, 2040.55615234375, 0.8156286478042603, 0.5785730481147766], [633.0091552734375, 2042.2398681640625, 0.8102676272392273, 0.5860577821731567], [636.0421142578125, 2044.4154052734375, 0.8052698969841003, 0.592906653881073], [639.703369140625, 2047.1055908203125, 0.7996596693992615, 0.6004499197006226], [643.9524536132812, 2050.31591796875, 0.7915653586387634, 0.6110845804214478]], [[541.9364624023438, 2003.6943359375, -0.9626599550247192, -0.2707134485244751], [541.8612060546875, 2003.67236328125, -0.9595187306404114, -0.2816447615623474], [541.8612060546875, 2003.67236328125, -0.9590127468109131, -0.2833630442619324], [541.8612060546875, 2003.67236328125, -0.9590127468109131, -0.2833630442619324], [541.8612060546875, 2003.67236328125, -0.9590127468109131, -0.2833630442619324], [541.8612060546875, 2003.67236328125, -0.9590127468109131, -0.2833630442619324], [541.8612060546875, 2003.67236328125, -0.9590127468109131, -0.2833630442619324], [541.8612060546875, 2003.67236328125, -0.9590127468109131, -0.2833630442619324], [541.8612060546875, 2003.67236328125, -0.9590127468109131, -0.2833630442619324], [541.8612060546875, 2003.67236328125, -0.9590127468109131, -0.2833630442619324], [541.8612060546875, 2003.67236328125, -0.9590127468109131, -0.2833630442619324], [541.8612060546875, 2003.67236328125, -0.9590127468109131, -0.2833630442619324]], [[647.2194213867188, 2056.070556640625, -0.7899229526519775, -0.613206148147583], [644.3765258789062, 2053.97216796875, -0.8045707941055298, -0.5938567519187927], [641.51318359375, 2051.97021484375, -0.8195540308952332, -0.5730019807815552], [638.6495971679688, 2050.0517578125, -0.8307943344116211, -0.55657958984375], [635.8050537109375, 2048.19384765625, -0.8372374773025513, -0.5468394756317139], [633.0087280273438, 2046.368896484375, -0.8374422788619995, -0.5465258359909058], [630.2732543945312, 2044.5439453125, -0.8318864107131958, -0.5549460053443909], [627.6070556640625, 2042.6856689453125, -0.8204070925712585, -0.5717799067497253], [625.026123046875, 2040.776123046875, -0.8038890957832336, -0.5947791934013367], [622.5281372070312, 2038.80322265625, -0.7847659587860107, -0.6197922825813293], [620.0598754882812, 2036.79638671875, -0.7758916616439819, -0.6308662295341492], [617.591796875, 2034.7904052734375, -0.7760172486305237, -0.6307117342948914]]], "fut_adv": [[[625.012451171875, 2036.766357421875, 0.8243850469589233, 0.5660286545753479], [626.4376220703125, 2037.7166748046875, 0.8257315158843994, 0.5640631318092346], [627.18408203125, 2038.215576171875, 0.8259948492050171, 0.5636775493621826], [627.3182983398438, 2038.3055419921875, 0.8257930874824524, 0.5639732480049133], [627.3182983398438, 2038.3055419921875, 0.8257930874824524, 0.5639732480049133], [627.3182983398438, 2038.3055419921875, 0.8257930874824524, 0.5639732480049133], [627.3182983398438, 2038.3055419921875, 0.8257930874824524, 0.5639732480049133], [627.3182983398438, 2038.3055419921875, 0.8257930874824524, 0.5639732480049133], [627.3182983398438, 2038.3055419921875, 0.8257930874824524, 0.5639732480049133], [627.3182983398438, 2038.3055419921875, 0.8257930874824524, 0.5639732480049133], [627.3182983398438, 2038.3055419921875, 0.8257930874824524, 0.5639732480049133], [627.4179077148438, 2038.3726806640625, 0.8257321715354919, 0.5640623569488525]], [[541.9808349609375, 2003.705078125, -0.9621712565422058, -0.2724453806877136], [541.9498291015625, 2003.6959228515625, -0.958562433719635, -0.28488248586654663], [541.9498291015625, 2003.6959228515625, -0.9583228230476379, -0.28568753600120544], [541.9498291015625, 2003.6959228515625, -0.9583228230476379, -0.28568753600120544], [541.9498291015625, 2003.6959228515625, -0.9583228230476379, -0.28568753600120544], [541.9498291015625, 2003.6959228515625, -0.9583228230476379, -0.28568753600120544], [541.9498291015625, 2003.6959228515625, -0.9583228230476379, -0.28568753600120544], [541.9498291015625, 2003.6959228515625, -0.9583228230476379, -0.28568753600120544], [541.9498291015625, 2003.6959228515625, -0.9583228230476379, -0.28568753600120544], [541.9498291015625, 2003.6959228515625, -0.9583228230476379, -0.28568753600120544], [541.9498291015625, 2003.6959228515625, -0.9583228230476379, -0.28568753600120544], [541.9498291015625, 2003.6959228515625, -0.9583228230476379, -0.28568753600120544]], [[647.3458251953125, 2056.16357421875, -0.7891629934310913, -0.6141839027404785], [644.734619140625, 2054.202880859375, -0.7996516227722168, -0.6004642248153687], [642.2396850585938, 2052.368896484375, -0.8057359457015991, -0.5922749638557434], [639.8770751953125, 2050.626220703125, -0.8047415614128113, -0.5936253666877747], [637.660888671875, 2048.94287109375, -0.7963353395462036, -0.6048553586006165], [635.6061401367188, 2047.297607421875, -0.7806254029273987, -0.6249992251396179], [633.718994140625, 2045.6710205078125, -0.7574746012687683, -0.6528646945953369], [632.0215454101562, 2044.0706787109375, -0.7275895476341248, -0.6860128045082092], [630.5053100585938, 2042.50146484375, -0.6948306560516357, -0.7191734313964844], [629.1583251953125, 2040.9853515625, -0.6641480326652527, -0.7476011514663696], [628.0033569335938, 2039.5213623046875, -0.6194168925285339, -0.7850622534751892], [627.0746459960938, 2038.1796875, -0.5691273212432861, -0.8222494125366211]]],