{"N": 3, "dt": 0.5, "map": "boston-seaport", "lw": [[4.084000110626221, 1.7300000190734863], [4.576000213623047, 2.01200008392334], [5.177000045776367, 1.9500000476837158]], "sem": [[1.0, 0.0], [1.0, 0.0], [1.0, 0.0]], "past": [[[1818.53955078125, 871.0744018554688, -0.9993756413459778, -0.035332050174474716, 7.361922264099121, 4.165091741015203e-05], [1814.8565673828125, 870.9876098632812, -0.9993748664855957, -0.03535287827253342, 7.361922264099121, 4.165091741015203e-05], [1811.2806396484375, 870.8959350585938, -0.9993793368339539, -0.03522749990224838, 7.155999183654785, -0.0002509767364244908], [1807.7723388671875, 870.8037109375, -0.9993737936019897, -0.035383112728595734, 7.020963668823242, 0.00031150749418884516]], [[1844.97705078125, 870.77099609375, -0.9998190402984619, -0.01902294158935547, 9.36539077758789, 0.0], [1840.2919921875, 870.6510009765625, -0.9998190402984619, -0.01902294158935547, 9.36539077758789, 0.0], [1835.89599609375, 870.5360107421875, -0.9998190402984619, -0.01902294158935547, 8.79724407196045, 0.0], [1831.4990234375, 870.4210205078125, -0.9998190402984619, -0.01902294158935547, 8.799541473388672, 0.0]], [[1697.0689697265625, 861.4169921875, 0.9990926384925842, 0.04259059950709343, 9.442462921142578, 0.023268897086381912], [1701.7869873046875, 861.676025390625, 0.9985289573669434, 0.05422087386250496, 9.442462921142578, 0.023268897086381912], [1706.5, 861.9349975585938, 0.9978307485580444, 0.06583133339881897, 9.442622184753418, 0.02326890453696251], [1711.2139892578125, 862.1939697265625, 0.996997594833374, 0.07743248343467712, 9.444937705993652, 0.02326890081167221]]], "fut_init": [[[1804.287109375, 870.7103881835938, -0.9994563460350037, -0.03296978771686554], [1800.6602783203125, 870.6272583007812, -0.999515175819397, -0.03113582171499729], [1797.029296875, 870.5520629882812, -0.999569296836853, -0.029347190633416176], [1793.393310546875, 870.4761352539062, -0.9995782971382141, -0.02903764322400093], [1789.677001953125, 870.4087524414062, -0.9995445609092712, -0.03017752803862095], [1785.9761962890625, 870.351806640625, -0.9995510578155518, -0.0299609936773777], [1782.2110595703125, 870.2974853515625, -0.9995403289794922, -0.03031652420759201], [1778.482421875, 870.2197265625, -0.9994843602180481, -0.032110124826431274], [1774.6075439453125, 870.1369018554688, -0.9994692206382751, -0.03257698193192482], [1770.7935791015625, 870.0406494140625, -0.9994103908538818, -0.03433443233370781], [1767.15771484375, 869.9365844726562, -0.9993767738342285, -0.03529946506023407], [1763.61083984375, 869.8310546875, -0.9993494749069214, -0.0360649973154068]], [[1827.18017578125, 870.34765625, -0.999855637550354, -0.01699047163128853], [1822.9351806640625, 870.2837524414062, -0.999886691570282, -0.01505213975906372], [1818.748779296875, 870.2242431640625, -0.9998989701271057, -0.014216333627700806], [1814.616943359375, 870.1514892578125, -0.9998449683189392, -0.017607644200325012], [1810.524169921875, 870.0626831054688, -0.9997645616531372, -0.021697400137782097], [1806.4716796875, 869.9656372070312, -0.9997133612632751, -0.023941287770867348], [1802.458984375, 869.8684692382812, -0.9997068643569946, -0.02421133778989315], [1798.4903564453125, 869.78125, -0.9997584819793701, -0.021975567564368248], [1794.5496826171875, 869.7213745117188, -0.9998846054077148, -0.015189453028142452], [1790.62841796875, 869.7031860351562, -0.9999892115592957, -0.0046438127756118774], [1786.726318359375, 869.7240600585938, -0.9999856948852539, 0.005351366940885782], [1782.8367919921875, 869.7723388671875, -0.9999229311943054, 0.012413572520017624]], [[1716.3521728515625, 862.6212768554688, 0.9965594410896301, 0.08288118243217468], [1721.764892578125, 863.0862426757812, 0.9963303208351135, 0.08559145778417587], [1727.3758544921875, 863.555419921875, 0.9965226054191589, 0.08332307636737823], [1733.120361328125, 864.0062255859375, 0.9969346523284912, 0.07823847234249115], [1738.97314453125, 864.4303588867188, 0.9973847270011902, 0.07227534055709839], [1744.920654296875, 864.83056640625, 0.9977436065673828, 0.06713936477899551], [1750.9476318359375, 865.2080688476562, 0.9980438947677612, 0.06251692026853561], [1757.04931640625, 865.5547485351562, 0.9983900189399719, 0.056722335517406464], [1763.2249755859375, 865.8623046875, 0.998762309551239, 0.04973793774843216], [1769.4766845703125, 866.1192016601562, 0.9991569519042969, 0.04105300456285477], [1775.8155517578125, 866.3231201171875, 0.999483048915863, 0.032150182873010635], [1782.2496337890625, 866.4853515625, 0.9996822476387024, 0.025207631289958954]]], "fut_adv": [[[1804.287109375, 870.7103881835938, -0.9994563460350037, -0.03296978771686554], [1800.6602783203125, 870.6272583007812, -0.999515175819397, -0.03113582171499729], [1797.029296875, 870.5520629882812, -0.999569296836853, -0.029347190633416176], [1793.393310546875, 870.4761352539062, -0.9995782971382141, -0.02903764322400093], [1789.677001953125, 870.4087524414062, -0.9995445609092712, -0.03017752803862095], [1785.9761962890625, 870.351806640625, -0.9995510578155518, -0.0299609936773777], [1782.2110595703125, 870.2974853515625, -0.9995403289794922, -0.03031652420759201], [1778.482421875, 870.2197265625, -0.9994843602180481, -0.032110124826431274], [1774.6075439453125, 870.1369018554688, -0.9994692206382751, -0.03257698193192482], [1770.7935791015625, 870.0406494140625, -0.9994103908538818, -0.03433443233370781], [1767.15771484375, 869.9365844726562, -0.9993767738342285, -0.03529946506023407], [1763.61083984375, 869.8310546875, -0.9993494749069214, -0.0360649973154068]], [[1827.3057861328125, 870.3565673828125, -0.9998818039894104, -0.015373729169368744], [1823.287353515625, 870.3095703125, -0.9999315142631531, -0.01170146744698286], [1819.4189453125, 870.2705078125, -0.9999489784240723, -0.010101774707436562], [1815.6859130859375, 870.2198486328125, -0.9999078512191772, -0.01357385702431202], [1812.0697021484375, 870.1517333984375, -0.9998226761817932, -0.018829815089702606], [1808.5577392578125, 870.0679931640625, -0.9997158646583557, -0.023835936561226845], [1805.1295166015625, 869.9730224609375, -0.9996164441108704, -0.027693219482898712], [1801.7908935546875, 869.876708984375, -0.9995843768119812, -0.028829306364059448], [1798.53515625, 869.7952270507812, -0.9996868968009949, -0.02502099983394146], [1795.34130859375, 869.744384765625, -0.9998732805252075, -0.015918448567390442], [1792.1944580078125, 869.7413940429688, -0.9999995231628418, -0.0009502489119768143], [1789.0902099609375, 869.7853393554688, -0.9998998045921326, 0.014157386496663094]], [[1716.434326171875, 862.801513671875, 0.993295431137085, 0.11560342460870743], [1721.970703125, 863.7235107421875, 0.9864146709442139, 0.16427448391914368], [1727.6385498046875, 864.9432983398438, 0.9776157736778259, 0.210398331284523], [1733.389892578125, 866.3350830078125, 0.9719465970993042, 0.2352016270160675], [1739.2496337890625, 867.7106323242188, 0.973535418510437, 0.22853630781173706], [1745.2462158203125, 868.8211669921875, 0.9832804799079895, 0.1820976287126541], [1751.3646240234375, 869.4522705078125, 0.9947221875190735, 0.10260467976331711], [1757.574951171875, 869.5236206054688, 0.9999339580535889, 0.011490434408187866], [1763.8475341796875, 869.0823364257812, 0.9975346326828003, -0.0701761394739151], [1770.1876220703125, 868.3432006835938, 0.9932733774185181, -0.11579304188489914], [1776.635009765625, 867.5914916992188, 0.9932718276977539, -0.11580628901720047], [1783.241943359375, 867.2002563476562, 0.9982514977455139, -0.059109725058078766]]],