{"N": 3, "dt": 0.5, "map": "singapore-queenstown", "lw": [[4.084000110626221, 1.7300000190734863], [4.363999843597412, 1.6460000276565552], [4.2129998207092285, 1.7940000295639038]], "sem": [[1.0, 0.0], [1.0, 0.0], [1.0, 0.0]], "past": [[[1033.857177734375, 1958.5311279296875, 0.9964123964309692, -0.08463053405284882, 6.718653202056885, -0.008923337794840336], [1037.2095947265625, 1958.2734375, 0.9967803955078125, -0.08018006384372711, 6.718653202056885, -0.008923337794840336], [1040.412841796875, 1958.038818359375, 0.9973514080047607, -0.07273314893245697, 6.424834251403809, -0.014940425753593445], [1042.9478759765625, 1957.900146484375, 0.9989385008811951, -0.046063244342803955, 6.342611789703369, -0.0667453184723854]], [[994.4690551757812, 1960.884033203125, 0.9968726634979248, -0.07902456820011139, 9.604873657226562, -0.0039174179546535015], [999.2650146484375, 1960.5628662109375, 0.9970256686210632, -0.07707008719444275, 9.604873657226562, -0.0039174179546535015], [1004.0559692382812, 1960.241943359375, 0.9971746802330017, -0.07511742413043976, 9.60530948638916, -0.003917419817298651], [1007.8920288085938, 1959.9849853515625, 0.9972912669181824, -0.07355363667011261, 9.604392051696777, -0.0039174179546535015]], [[NaN, NaN, NaN, NaN, NaN, NaN], [1115.634033203125, 2001.9820556640625, -0.8362957239151001, -0.5482786297798157, 11.866223335266113, 0.0], [1110.68994140625, 1998.7039794921875, -0.8362957239151001, -0.5482786297798157, 11.866223335266113, 0.0], [1106.73095703125, 1996.0789794921875, -0.8362957239151001, -0.5482786297798157, 11.866694450378418, 0.0]]], "fut_init": [[[1046.018798828125, 1957.878173828125, 0.9996908903121948, 0.02486228011548519], [1049.0137939453125, 1958.108154296875, 0.9937981963157654, 0.11119864135980606], [1052.071044921875, 1958.63623046875, 0.9759129881858826, 0.21816009283065796], [1055.150634765625, 1959.5198974609375, 0.943658173084259, 0.3309219181537628], [1058.158935546875, 1960.7938232421875, 0.89911288022995, 0.43771684169769287], [1061.04052734375, 1962.3179931640625, 0.8646712303161621, 0.502338171005249], [1064.01318359375, 1964.0831298828125, 0.8467514514923096, 0.5319886803627014], [1067.0919189453125, 1966.030029296875, 0.8380471467971802, 0.5455977916717529], [1070.3209228515625, 1968.130615234375, 0.837334156036377, 0.546691358089447], [1073.673828125, 1970.329345703125, 0.8395417332649231, 0.54329514503479], [1077.26953125, 1972.6162109375, 0.8433881402015686, 0.5373047590255737], [1080.9149169921875, 1974.99365234375, 0.8395766615867615, 0.5432412624359131]], [[1012.5526123046875, 1959.6151123046875, 0.996863842010498, -0.07913589477539062], [1017.0214233398438, 1959.2198486328125, 0.9961113929748535, -0.08810292184352875], [1021.3097534179688, 1958.78955078125, 0.9950003623962402, -0.09987130761146545], [1025.442626953125, 1958.3177490234375, 0.9935507774353027, -0.11338789016008377], [1029.4334716796875, 1957.8280029296875, 0.9925510287284851, -0.12182969599962234], [1033.30322265625, 1957.3798828125, 0.9933595061302185, -0.11505179852247238], [1037.1168212890625, 1957.0479736328125, 0.9962335228919983, -0.08671065419912338], [1040.9033203125, 1956.9130859375, 0.9993672370910645, -0.035568248480558395], [1044.6854248046875, 1957.0367431640625, 0.9994660019874573, 0.03267635777592659], [1048.450927734375, 1957.478271484375, 0.9931998252868652, 0.11642199754714966], [1052.177001953125, 1958.2926025390625, 0.9769373536109924, 0.21352609992027283], [1055.811767578125, 1959.4835205078125, 0.9503042101860046, 0.3113228380680084]], [[1101.745361328125, 1992.78369140625, -0.8342466354370117, -0.5513914823532104], [1096.841796875, 1989.4932861328125, -0.8303880095481873, -0.5571855902671814], [1092.0535888671875, 1986.2603759765625, -0.8287787437438965, -0.5595764517784119], [1087.3739013671875, 1983.149169921875, -0.8327678442001343, -0.5536223649978638], [1082.79931640625, 1980.19873046875, -0.8403693437576294, -0.5420141816139221], [1078.349609375, 1977.41845703125, -0.8480626940727234, -0.5298959016799927], [1074.0565185546875, 1974.78466796875, -0.8523823618888855, -0.5229190587997437], [1069.9581298828125, 1972.27197265625, -0.8525273203849792, -0.5226826667785645], [1066.0635986328125, 1969.87841796875, -0.8519470691680908, -0.5236278772354126], [1062.359619140625, 1967.6756591796875, -0.8594865202903748, -0.5111584663391113], [1058.816650390625, 1965.73974609375, -0.8775397539138794, -0.47950395941734314], [1055.38671875, 1964.175048828125, -0.9098086953163147, -0.4150278568267822]]], "fut_adv": [[[1046.018798828125, 1957.878173828125, 0.9996908903121948, 0.02486228011548519], [1049.0137939453125, 1958.108154296875, 0.9937981963157654, 0.11119864135980606], [1052.071044921875, 1958.63623046875, 0.9759129881858826, 0.21816009283065796], [1055.150634765625, 1959.5198974609375, 0.943658173084259, 0.3309219181537628], [1058.158935546875, 1960.7938232421875, 0.89911288022995, 0.43771684169769287], [1061.04052734375, 1962.3179931640625, 0.8646712303161621, 0.502338171005249], [1064.01318359375, 1964.0831298828125, 0.8467514514923096, 0.5319886803627014], [1067.0919189453125, 1966.030029296875, 0.8380471467971802, 0.5455977916717529], [1070.3209228515625, 1968.130615234375, 0.837334156036377, 0.546691358089447], [1073.673828125, 1970.329345703125, 0.8395417332649231, 0.54329514503479], [1077.26953125, 1972.6162109375, 0.8433881402015686, 0.5373047590255737], [1080.9149169921875, 1974.99365234375, 0.8395766615867615, 0.5432412624359131]], [[1012.5540161132812, 1959.61669921875, 0.9968932867050171, -0.0787639245390892], [1017.0110473632812, 1959.2275390625, 0.9962093234062195, -0.08698833733797073], [1021.280029296875, 1958.81005859375, 0.9952557682991028, -0.09729300439357758], [1025.388427734375, 1958.361328125, 0.9940878748893738, -0.10857859253883362], [1029.3497314453125, 1957.9044189453125, 0.993415892124176, -0.11456368863582611], [1033.1834716796875, 1957.4906005859375, 0.9942286610603333, -0.10728175193071365], [1036.9420166015625, 1957.17431640625, 0.9964753985404968, -0.08388570696115494], [1040.672607421875, 1957.01025390625, 0.9990332722663879, -0.04396023973822594], [1044.387939453125, 1957.0511474609375, 0.9999390840530396, 0.011038108728826046], [1048.0919189453125, 1957.3555908203125, 0.9966400265693665, 0.08190630376338959], [1051.7716064453125, 1957.9923095703125, 0.9853523373603821, 0.17053081095218658], [1055.3878173828125, 1959.00244140625, 0.9631431698799133, 0.2689892649650574]], [[1101.842529296875, 1992.7470703125, -0.826328456401825, -0.5631884932518005], [1097.178466796875, 1989.334228515625, -0.8070131540298462, -0.5905334949493408], [1092.7998046875, 1985.8623046875, -0.7835825085639954, -0.6212877631187439], [1088.6571044921875, 1982.4439697265625, -0.7713326811790466, -0.6364321708679199], [1084.6968994140625, 1979.165283203125, -0.77027827501297, -0.6377079486846924], [1080.8756103515625, 1976.081298828125, -0.778190016746521, -0.628028929233551], [1077.1846923828125, 1973.22216796875, -0.7905336618423462, -0.6124186515808105], [1073.6470947265625, 1970.595703125, -0.8028988838195801, -0.596115231513977], [1070.3118896484375, 1968.168701171875, -0.8085732460021973, -0.5883955359458923], [1067.1884765625, 1965.960205078125, -0.8165032267570496, -0.5773409008979797], [1064.3067626953125, 1963.9757080078125, -0.8235904574394226, -0.5671849250793457], [1061.6409912109375, 1962.2513427734375, -0.8396550416946411, -0.5431200861930847]]],