{"N": 3, "dt": 0.5, "map": "singapore-onenorth", "lw": [[4.084000110626221, 1.7300000190734863], [4.201000213623047, 1.840000033378601], [4.379000186920166, 1.9539999961853027]], "sem": [[1.0, 0.0], [1.0, 0.0], [1.0, 0.0]], "past": [[[418.6295166015625, 799.7970581054688, 0.37330812215805054, -0.9277074337005615, 11.567906379699707, -0.0067261457443237305], [421.09539794921875, 793.8560791015625, 0.37540188431739807, -0.9268621206283569, 11.69213581085205, -0.004104238003492355], [423.3699951171875, 788.4368896484375, 0.38151949644088745, -0.9243608117103577, 11.7572021484375, -0.013221685774624348], [425.436767578125, 783.5184326171875, 0.3877921402454376, -0.9217468500137329, 11.867362976074219, -0.015116076916456223]], [[436.63800048828125, 737.3880004882812, 0.9749962687492371, 0.22222118079662323, 2.1662421226501465, 0.03491237759590149], [437.70001220703125, 737.5430297851562, 0.9821577668190002, 0.18805894255638123, 1.9508305788040161, 0.06344908475875854], [439.1629943847656, 737.60302734375, 0.9993030428886414, 0.037328556180000305, 2.929163694381714, 0.30376943945884705], [440.6050109863281, 737.2440185546875, 0.9888579249382019, -0.14886221289634705, 3.3055264949798584, 0.41542133688926697]], [[502.323974609375, 759.2730102539062, 0.9886517524719238, -0.15022559463977814, 1.1920928955078125e-07, 0.0], [502.323974609375, 759.2730102539062, 0.9886517524719238, -0.15022559463977814, 1.1920928955078125e-07, 0.0], [502.323974609375, 759.2730102539062, 0.9886517524719238, -0.15022559463977814, 1.1920928955078125e-07, 0.0], [502.3160400390625, 759.2839965820312, 0.9886517524719238, -0.15022559463977814, 0.030255436897277832, 0.0]]], "fut_init": [[[427.7879943847656, 778.0123901367188, 0.39168432354927063, -0.920099675655365], [429.6845397949219, 773.611572265625, 0.3946589231491089, -0.9188277125358582], [432.044921875, 768.1414184570312, 0.3936035633087158, -0.9192802906036377], [433.9624938964844, 763.7177124023438, 0.39537152647972107, -0.9185212850570679], [436.3487854003906, 758.3128662109375, 0.402753084897995, -0.9153086543083191], [438.800048828125, 752.853515625, 0.409602552652359, -0.9122640490531921], [441.28076171875, 747.4600219726562, 0.4175392985343933, -0.9086588621139526], [443.815185546875, 742.0947265625, 0.424664169549942, -0.905350923538208], [446.38916015625, 736.7900390625, 0.43245911598205566, -0.901653528213501], [448.9059143066406, 731.6331787109375, 0.4374569058418274, -0.8992393612861633], [451.1465148925781, 727.0904541015625, 0.4427816569805145, -0.8966294527053833], [453.7913513183594, 721.7880859375, 0.4496398866176605, -0.8932099342346191]], [[442.3529357910156, 737.0807495117188, 0.9956669807434082, -0.09299034625291824], [444.17626953125, 736.8107299804688, 0.9892122149467468, -0.1464894413948059], [446.0114440917969, 736.196533203125, 0.9482988715171814, -0.3173786699771881], [447.69580078125, 734.9651489257812, 0.8072673082351685, -0.5901859998703003], [449.0296630859375, 732.96630859375, 0.5550708174705505, -0.8318030834197998], [449.8232421875, 730.2225952148438, 0.27785056829452515, -0.9606242775917053], [450.1042175292969, 726.9910888671875, 0.08662091195583344, -0.9962413311004639], [450.30670166015625, 723.462646484375, 0.05729333311319351, -0.9983574151992798], [451.0186462402344, 719.8761596679688, 0.19470416009426117, -0.980862021446228], [452.6551818847656, 716.4985961914062, 0.4360426366329193, -0.8999260067939758], [455.00506591796875, 713.427001953125, 0.6076155304908752, -0.7942313551902771], [457.5960998535156, 710.4298706054688, 0.6539996862411499, -0.7564948797225952]], [[502.3160400390625, 759.2839965820312, 0.9887678027153015, -0.14945979416370392], [502.3160400390625, 759.2839965820312, 0.9887678027153015, -0.14945979416370392], [502.3160400390625, 759.2839965820312, 0.9887678027153015, -0.14945977926254272], [502.3160400390625, 759.2839965820312, 0.9887678027153015, -0.14945976436138153], [502.3160400390625, 759.2839965820312, 0.9887678027153015, -0.14945974946022034], [502.3160400390625, 759.2839965820312, 0.9887678027153015, -0.14945973455905914], [502.3160400390625, 759.2839965820312, 0.9887678027153015, -0.14945971965789795], [502.3160400390625, 759.2839965820312, 0.9887678027153015, -0.14945968985557556], [502.3160400390625, 759.2839965820312, 0.9887678027153015, -0.14945966005325317], [502.3160400390625, 759.2839965820312, 0.9887678027153015, -0.1494596153497696], [502.3160400390625, 759.2839965820312, 0.9887678623199463, -0.1494595855474472], [502.3160400390625, 759.2839965820312, 0.9887678623199463, -0.14945955574512482]]], "fut_adv": [[[427.7879943847656, 778.0123901367188, 0.39168432354927063, -0.920099675655365], [429.6845397949219, 773.611572265625, 0.3946589231491089, -0.9188277125358582], [432.044921875, 768.1414184570312, 0.3936035633087158, -0.9192802906036377], [433.9624938964844, 763.7177124023438, 0.39537152647972107, -0.9185212850570679], [436.3487854003906, 758.3128662109375, 0.402753084897995, -0.9153086543083191], [438.800048828125, 752.853515625, 0.409602552652359, -0.9122640490531921], [441.28076171875, 747.4600219726562, 0.4175392985343933, -0.9086588621139526], [443.815185546875, 742.0947265625, 0.424664169549942, -0.905350923538208], [446.38916015625, 736.7900390625, 0.43245911598205566, -0.901653528213501], [448.9059143066406, 731.6331787109375, 0.4374569058418274, -0.8992393612861633], [451.1465148925781, 727.0904541015625, 0.4427816569805145, -0.8966294527053833], [453.7913513183594, 721.7880859375, 0.4496398866176605, -0.8932099342346191]], [[442.2529296875, 737.0914306640625, 0.9957417249679565, -0.09218690544366837], [443.85394287109375, 736.8638916015625, 0.9900525808334351, -0.14069806039333344], [445.34149169921875, 736.4173583984375, 0.9577834606170654, -0.2874906361103058], [446.5578918457031, 735.7037963867188, 0.862543523311615, -0.5059829354286194], [447.5318603515625, 734.7113647460938, 0.7004510760307312, -0.7137004137039185], [448.3556823730469, 733.4109497070312, 0.5351682901382446, -0.8447454571723938], [449.0431213378906, 731.815673828125, 0.39574453234672546, -0.9183606505393982], [449.6688537597656, 729.9468994140625, 0.3175070583820343, -0.9482558965682983], [450.3621520996094, 727.9309692382812, 0.32522016763687134, -0.9456382989883423], [451.2713928222656, 725.8378295898438, 0.39843040704727173, -0.9171985983848572], [452.4659423828125, 723.7557373046875, 0.4976363182067871, -0.8673858046531677], [453.80853271484375, 721.7460327148438, 0.5554943084716797, -0.8315203785896301]], [[502.3160400390625, 759.2839965820312, 0.9887615442276001, -0.14950114488601685], [502.3160400390625, 759.2839965820312, 0.9887615442276001, -0.14950114488601685], [502.3160400390625, 759.2839965820312, 0.9887615442276001, -0.14950112998485565], [502.3160400390625, 759.2839965820312, 0.9887615442276001, -0.14950111508369446], [502.3160400390625, 759.2839965820312, 0.9887615442276001, -0.14950110018253326], [502.3160400390625, 759.2839965820312, 0.9887615442276001, -0.14950108528137207], [502.3160400390625, 759.2839965820312, 0.9887615442276001, -0.14950107038021088], [502.3160400390625, 759.2839965820312, 0.9887615442276001, -0.1495010405778885], [502.3160400390625, 759.2839965820312, 0.9887616038322449, -0.1495010107755661], [502.3160400390625, 759.2839965820312, 0.9887616038322449, -0.1495009809732437], [502.3160400390625, 759.2839965820312, 0.9887616038322449, -0.14950095117092133], [502.3160400390625, 759.2839965820312, 0.9887616038322449, -0.14950092136859894]]],