{"N": 2, "dt": 0.5, "map": "singapore-onenorth", "lw": [[4.084000110626221, 1.7300000190734863], [6.828000068664551, 2.2820000648498535]], "sem": [[1.0, 0.0], [0.0, 1.0]], "past": [[[1014.951416015625, 919.4369506835938, -0.3555402159690857, 0.9346609711647034, 12.442312240600586, 0.004260255955159664], [1012.7189331054688, 925.2423706054688, -0.35354888439178467, 0.935416042804718, 12.442312240600586, 0.004260255955159664], [1010.546142578125, 930.9401245117188, -0.3466745913028717, 0.9379854798316956, 12.2127103805542, 0.014697704464197159], [1008.2184448242188, 937.1212768554688, -0.3366864025592804, 0.9416168332099915, 12.005000114440918, 0.01931707188487053]], [[NaN, NaN, NaN, NaN, NaN, NaN], [988.93798828125, 1026.9560546875, 0.09456007182598114, -0.9955191612243652, 6.21971321105957, -0.01747720129787922], [989.31201171875, 1023.873046875, 0.10324390977621078, -0.9946560859680176, 6.21971321105957, -0.01747720129787922], [989.6849365234375, 1020.7899780273438, 0.11191987991333008, -0.9937172532081604, 5.644471645355225, -0.015861405059695244]]], "fut_init": [[[1006.2953491210938, 942.6400146484375, -0.31021809577941895, 0.9506654143333435], [1004.5923461914062, 948.00146484375, -0.27981749176979065, 0.9600532054901123], [1003.0731811523438, 953.3372192382812, -0.24839851260185242, 0.968657910823822], [1001.9105224609375, 958.0082397460938, -0.22094249725341797, 0.9752868413925171], [1000.8016357421875, 962.9149169921875, -0.2035590559244156, 0.9790626764297485], [999.827392578125, 967.5994262695312, -0.18709039688110352, 0.9823427200317383], [999.019287109375, 971.9317016601562, -0.17073145508766174, 0.985317587852478], [998.3203125, 975.9636840820312, -0.15541353821754456, 0.9878494739532471], [997.7241821289062, 979.7359008789062, -0.14122362434864044, 0.9899777173995972], [997.2992553710938, 982.5601806640625, -0.13223408162593842, 0.9912185072898865], [996.8531494140625, 985.946533203125, -0.11755788326263428, 0.9930660128593445], [996.5572509765625, 988.4345703125, -0.10925570130348206, 0.9940136671066284]], [[990.0419921875, 1018.0144653320312, 0.12758132815361023, -0.9918280839920044], [990.4439086914062, 1015.3162841796875, 0.14734022319316864, -0.989085853099823], [990.8790283203125, 1012.714111328125, 0.16493187844753265, -0.9863049387931824], [991.3562622070312, 1010.2265014648438, 0.18837201595306396, -0.9820977449417114], [991.9072875976562, 1007.8663940429688, 0.22735090553760529, -0.9738128781318665], [992.6038818359375, 1005.6604614257812, 0.3010963201522827, -0.9535937309265137], [993.550048828125, 1003.6455078125, 0.42504850029945374, -0.9051705598831177], [994.8662719726562, 1001.8759765625, 0.5968101024627686, -0.8023825883865356], [996.4814453125, 1000.5396728515625, 0.7704927921295166, -0.6374487280845642], [998.2225952148438, 999.6717529296875, 0.8949570655822754, -0.4461522400379181], [999.8438720703125, 999.1980590820312, 0.9598665833473206, -0.2804570496082306], [1001.2139282226562, 998.9981689453125, 0.9895163774490356, -0.1444208174943924]]], "fut_adv": [[[1006.2953491210938, 942.6400146484375, -0.31021809577941895, 0.9506654143333435], [1004.5923461914062, 948.00146484375, -0.27981749176979065, 0.9600532054901123], [1003.0731811523438, 953.3372192382812, -0.24839851260185242, 0.968657910823822], [1001.9105224609375, 958.0082397460938, -0.22094249725341797, 0.9752868413925171], [1000.8016357421875, 962.9149169921875, -0.2035590559244156, 0.9790626764297485], [999.827392578125, 967.5994262695312, -0.18709039688110352, 0.9823427200317383], [999.019287109375, 971.9317016601562, -0.17073145508766174, 0.985317587852478], [998.3203125, 975.9636840820312, -0.15541353821754456, 0.9878494739532471], [997.7241821289062, 979.7359008789062, -0.14122362434864044, 0.9899777173995972], [997.2992553710938, 982.5601806640625, -0.13223408162593842, 0.9912185072898865], [996.8531494140625, 985.946533203125, -0.11755788326263428, 0.9930660128593445], [996.5572509765625, 988.4345703125, -0.10925570130348206, 0.9940136671066284]], [[990.0264282226562, 1017.9000244140625, 0.11734810471534729, -0.9930908679962158], [990.3809814453125, 1014.99609375, 0.121174156665802, -0.9926312565803528], [990.7312622070312, 1012.1089477539062, 0.1204332560300827, -0.992721438407898], [991.0703735351562, 1009.2568359375, 0.11805495619773865, -0.9930070638656616], [991.3990478515625, 1006.4308471679688, 0.1155303344130516, -0.9933039546012878], [991.7501220703125, 1003.6356201171875, 0.12463825941085815, -0.9922022223472595], [992.1793212890625, 1000.9034423828125, 0.15518818795681, -0.9878849387168884], [992.7511596679688, 998.2515258789062, 0.21079716086387634, -0.9775298237800598], [993.4907836914062, 995.6802978515625, 0.2764456272125244, -0.9610295295715332], [994.4349365234375, 993.2199096679688, 0.3582650423049927, -0.9336199164390564], [995.6619873046875, 990.9624633789062, 0.47756320238113403, -0.8785973787307739], [997.0961303710938, 989.0486450195312, 0.5996677875518799, -0.8002490997314453]]], "fut_internal_ego": [[1006.3590087890625, 942.644775390625, -0.31904494762420654, 0.9477396011352539], [1004.7413330078125, 948.014404296875, -0.28845861554145813, 0.9574923515319824], [1003.368896484375, 953.1920776367188, -0.25623074173927307, 0.9666156768798828], [1002.2071533203125, 958.14697265625, -0.22826868295669556, 0.9735981822013855], [1001.2232055664062, 962.8612670898438, -0.20430447161197662, 0.9789074063301086], [1000.36328125, 967.3450317382812, -0.18835055828094482, 0.9821018576622009], [999.6239013671875, 971.5496215820312, -0.17318867146968842, 0.9848886728286743], [999.0043334960938, 975.447265625, -0.15699782967567444, 0.9875989556312561], [998.476318359375, 979.077880859375, -0.1439262330532074, 0.9895884394645691], [998.0834350585938, 982.4384155273438, -0.11614388972520828, 0.9932323694229126], [997.8023681640625, 985.5750122070312, -0.08924828469753265, 0.9960094094276428], [997.6246337890625, 988.453125, -0.0616336427628994, 0.9980988502502441]], "fut_sol": [[[1006.429931640625, 941.8699951171875, -0.3524520993232727, 0.9358298778533936], [1004.8744506835938, 945.8986206054688, -0.36017507314682007, 0.9328847527503967], [1003.531005859375, 949.3577270507812, -0.3620370030403137, 0.9321637153625488], [1002.3789672851562, 952.3980102539062, -0.35435280203819275, 0.9351118206977844], [1001.427978515625, 955.0726318359375, -0.3350413143634796, 0.9422034621238708], [1000.652587890625, 957.4486083984375, -0.31022128462791443, 0.9506644010543823], [1000.0426635742188, 959.5234985351562, -0.28203925490379333, 0.959402859210968], [999.5855712890625, 961.2841186523438, -0.2512837052345276, 0.9679135084152222], [999.2551879882812, 962.742431640625, -0.22094181180000305, 0.9752870202064514], [999.0247802734375, 963.9090576171875, -0.19377657771110535, 0.981045663356781], [998.8765869140625, 964.770263671875, -0.16959507763385773, 0.9855138063430786], [998.7894287109375, 965.3428955078125, -0.15053850412368774, 0.9886041283607483]], [[990.0264282226562, 1017.9000244140625, 0.11734810471534729, -0.9930908679962158], [990.3809814453125, 1014.99609375, 0.121174156665802, -0.9926312565803528], [990.7312622070312, 1012.1089477539062, 0.1204332560300827, -0.992721438407898], [991.0703735351562, 1009.2568359375, 0.11805495619773865, -0.9930070638656616], [991.3990478515625, 1006.4308471679688, 0.1155303344130516, -0.9933039546012878], [991.7501220703125, 1003.6356201171875, 0.12463825941085815, -0.9922022223472595], [992.1793212890625, 1000.9034423828125, 0.15518818795681, -0.9878849387168884], [992.7511596679688, 998.2515258789062, 0.21079716086387634, -0.9775298237800598], [993.4907836914062, 995.6802978515625, 0.2764456272125244, -0.9610295295715332], [994.4349365234375, 993.2199096679688, 0.3582650423049927, -0.9336199164390564], [995.6619873046875, 990.9624633789062, 0.47756320238113403, -0.8785973787307739], [997.0961303710938, 989.0486450195312, 0.5996677875518799, -0.8002490997314453]]], "attack_agt": 1, "attack_t": 11,