{"N": 3, "dt": 0.5, "map": "singapore-hollandvillage", "lw": [[4.084000110626221, 1.7300000190734863], [4.535999774932861, 1.9279999732971191], [4.257999897003174, 1.840000033378601]], "sem": [[1.0, 0.0], [1.0, 0.0], [1.0, 0.0]], "past": [[[2443.482177734375, 676.2811889648438, -0.14087098836898804, 0.9900279641151428, 11.929100036621094, 0.004967694636434317], [2442.597900390625, 682.184814453125, -0.13840945065021515, 0.9903751015663147, 11.929100036621094, 0.004967694636434317], [2441.796142578125, 687.8619384765625, -0.13569101691246033, 0.9907512068748474, 11.468544960021973, 0.005489450413733721], [2440.974365234375, 693.522705078125, -0.13569000363349915, 0.990751326084137, 11.432026863098145, 2.0534316718112677e-06]], [[2447.43603515625, 650.9609985351562, -0.13729414343833923, 0.9905303120613098, 12.98426628112793, -0.004847556818276644], [2446.44189453125, 657.3820190429688, -0.13969653844833374, 0.9901943802833557, 12.98426628112793, -0.004847556818276644], [2445.448974609375, 663.7979736328125, -0.14209580421447754, 0.9898529052734375, 12.986621856689453, -0.004847557283937931], [2444.5029296875, 670.0989990234375, -0.13585177063941956, 0.9907291531562805, 12.734115600585938, 0.01260142307728529]], [[NaN, NaN, NaN, NaN, NaN, NaN], [NaN, NaN, NaN, NaN, NaN, NaN], [NaN, NaN, NaN, NaN, NaN, NaN], [2432.846923828125, 774.5809936523438, -0.38094577193260193, -0.9245973825454712, 6.480563640594482, -0.14425258338451385]]], "fut_init": [[[2440.160400390625, 699.1401977539062, -0.13387052714824677, 0.9909988045692444], [2439.3798828125, 704.7254028320312, -0.13083092868328094, 0.9914047122001648], [2438.621826171875, 710.2089233398438, -0.1299441158771515, 0.9915212988853455], [2437.86181640625, 715.6361694335938, -0.1328665316104889, 0.9911339282989502], [2437.1376953125, 720.7733764648438, -0.13455411791801453, 0.9909062385559082], [2436.45458984375, 725.4920043945312, -0.13491758704185486, 0.9908568263053894], [2435.82080078125, 729.9363403320312, -0.129938542842865, 0.9915220737457275], [2435.27685546875, 733.9596557617188, -0.12266570329666138, 0.9924480319023132], [2434.794189453125, 737.6226806640625, -0.12634873390197754, 0.9919858574867249], [2434.259765625, 741.2416381835938, -0.15351523458957672, 0.9881463050842285], [2433.62939453125, 744.9046020507812, -0.16607250273227692, 0.9861135482788086], [2432.958251953125, 748.6807861328125, -0.16893558204174042, 0.9856271147727966]], [[2443.589599609375, 676.400634765625, -0.14342106878757477, 0.9896617531776428], [2442.6611328125, 682.6350708007812, -0.14730092883110046, 0.989091694355011], [2441.73583984375, 688.7672119140625, -0.14920322597026825, 0.9888065457344055], [2440.82666015625, 694.7640991210938, -0.14988121390342712, 0.9887040257453918], [2439.9501953125, 700.6055297851562, -0.14839786291122437, 0.9889277219772339], [2439.120849609375, 706.2762451171875, -0.14471516013145447, 0.9894733428955078], [2438.35693359375, 711.770751953125, -0.13770899176597595, 0.9904727339744568], [2437.646240234375, 717.0765380859375, -0.13277502357959747, 0.9911462068557739], [2436.97265625, 722.1753540039062, -0.13098299503326416, 0.9913846254348755], [2436.286865234375, 727.1083984375, -0.13771040737628937, 0.9904725551605225], [2435.599365234375, 731.89453125, -0.142204150557518, 0.9898373484611511], [2434.839111328125, 736.5442504882812, -0.16136209666728973, 0.9868952631950378]], [[2431.71630859375, 771.479736328125, -0.34252145886421204, -0.9395099878311157], [2430.840087890625, 768.2313842773438, -0.2604283094406128, -0.9654932022094727], [2430.2734375, 764.8399658203125, -0.16482485830783844, -0.9863228797912598], [2430.017333984375, 761.3477783203125, -0.07316488027572632, -0.9973198771476746], [2430.02001953125, 757.8245239257812, 0.0007445374503731728, -0.9999997019767761], [2430.219482421875, 754.3025512695312, 0.05652282014489174, -0.9984012842178345], [2430.55615234375, 750.7825927734375, 0.09518124163150787, -0.9954599738121033], [2430.959228515625, 747.275146484375, 0.11419360339641571, -0.9934585094451904], [2431.399169921875, 743.7793579101562, 0.12488652765750885, -0.992171049118042], [2431.862548828125, 740.2884521484375, 0.13157935440540314, -0.9913056492805481], [2432.35107421875, 736.8023071289062, 0.13876180350780487, -0.9903258085250854], [2432.84912109375, 733.322021484375, 0.14164260029792786, -0.9899178743362427]]], "fut_adv": [[[2440.160400390625, 699.1401977539062, -0.13387052714824677, 0.9909988045692444], [2439.3798828125, 704.7254028320312, -0.13083092868328094, 0.9914047122001648], [2438.621826171875, 710.2089233398438, -0.1299441158771515, 0.9915212988853455], [2437.86181640625, 715.6361694335938, -0.1328665316104889, 0.9911339282989502], [2437.1376953125, 720.7733764648438, -0.13455411791801453, 0.9909062385559082], [2436.45458984375, 725.4920043945312, -0.13491758704185486, 0.9908568263053894], [2435.82080078125, 729.9363403320312, -0.129938542842865, 0.9915220737457275], [2435.27685546875, 733.9596557617188, -0.12266570329666138, 0.9924480319023132], [2434.794189453125, 737.6226806640625, -0.12634873390197754, 0.9919858574867249], [2434.259765625, 741.2416381835938, -0.15351523458957672, 0.9881463050842285], [2433.62939453125, 744.9046020507812, -0.16607250273227692, 0.9861135482788086], [2432.958251953125, 748.6807861328125, -0.16893558204174042, 0.9856271147727966]], [[2443.62255859375, 676.1505126953125, -0.1439708173274994, 0.9895819425582886], [2442.742431640625, 681.9412841796875, -0.15025152266025543, 0.9886478185653687], [2441.88818359375, 687.4653930664062, -0.15283535420894623, 0.9882516860961914], [2441.084716796875, 692.7064208984375, -0.15154816210269928, 0.9884498715400696], [2440.355224609375, 697.654541015625, -0.14585191011428833, 0.9893064498901367], [2439.70068359375, 702.3145751953125, -0.1391153484582901, 0.9902761578559875], [2439.115478515625, 706.6917114257812, -0.13252511620521545, 0.9911796450614929], [2438.59423828125, 710.7870483398438, -0.12623555958271027, 0.9920002818107605], [2438.109130859375, 714.6024169921875, -0.1261230856180191, 0.9920145869255066], [2437.64794921875, 718.146240234375, -0.129020556807518, 0.9916419386863708], [2437.200439453125, 721.447021484375, -0.1343282163143158, 0.9909368753433228], [2436.75732421875, 724.5396118164062, -0.14183799922466278, 0.9898898601531982]], [[2431.862548828125, 771.4783935546875, -0.3024223744869232, -0.9531739950180054], [2431.292724609375, 768.2222290039062, -0.172389417886734, -0.985028862953186], [2431.140380859375, 764.8599853515625, -0.0452549085021019, -0.9989754557609558], [2431.331298828125, 761.4724731445312, 0.0562756173312664, -0.9984152913093567], [2431.736572265625, 758.0968627929688, 0.11917802691459656, -0.9928728938102722], [2432.240234375, 754.7332763671875, 0.14807628095149994, -0.9889759421348572], [2432.75634765625, 751.3740234375, 0.15182356536388397, -0.9884076118469238], [2433.215576171875, 748.0003662109375, 0.13485461473464966, -0.9908654093742371], [2433.62255859375, 744.6072387695312, 0.11912405490875244, -0.9928793907165527], [2434.041259765625, 741.2110595703125, 0.12238849699497223, -0.9924822449684143], [2434.54833984375, 737.8171997070312, 0.1477385014295578, -0.9890264868736267], [2435.179931640625, 734.4415283203125, 0.18389804661273956, -0.9829453229904175]]],