{"N": 3, "dt": 0.5, "map": "boston-seaport", "lw": [[4.084000110626221, 1.7300000190734863], [4.796000003814697, 1.9290000200271606], [4.730999946594238, 1.9199999570846558]], "sem": [[1.0, 0.0], [1.0, 0.0], [1.0, 0.0]], "past": [[[1937.238525390625, 859.2407836914062, -0.02637641318142414, 0.999652087688446, 0.7486734390258789, 0.0005186601192690432], [1937.2208251953125, 859.957763671875, -0.026882266625761986, 0.9996386170387268, 1.4332157373428345, 0.0010111909359693527], [1937.1961669921875, 860.7406616210938, -0.029435889795422554, 0.9995666742324829, 1.5669337511062622, 0.005110614933073521], [1937.1734619140625, 861.4267578125, -0.031559184193611145, 0.9995018839836121, 1.374840259552002, 0.004254310857504606]], [[1934.7750244140625, 887.833984375, -0.4236777722835541, -0.9058129787445068, 5.659546852111816, 0.08738476037979126], [1933.89794921875, 885.7119750976562, -0.3756905496120453, -0.9267451763153076, 4.5882086753845215, 0.10462935268878937], [1933.287109375, 883.947021484375, -0.32667359709739685, -0.9451372027397156, 3.7365097999572754, 0.1047472283244133], [1932.8079833984375, 882.2780151367188, -0.2767612338066101, -0.9609386920928955, 3.4774465560913086, 0.1048613116145134]], [[2029.5030517578125, 863.3159790039062, -0.05594348534941673, -0.9984339475631714, 1.1920928955078125e-07, 0.0], [2029.5030517578125, 863.3159790039062, -0.05594348534941673, -0.9984339475631714, 1.1920928955078125e-07, 0.0], [2029.5030517578125, 863.3159790039062, -0.05594348534941673, -0.9984339475631714, 1.1920928955078125e-07, 0.0], [2029.5030517578125, 863.3159790039062, -0.05594348534941673, -0.9984339475631714, 1.1920928955078125e-07, 0.0]]], "fut_init": [[[1937.1473388671875, 862.1436767578125, -0.03740641847252846, 0.9993001222610474], [1937.1153564453125, 862.7993774414062, -0.057037487626075745, 0.9983720183372498], [1937.046630859375, 863.6676635742188, -0.10848812758922577, 0.9940977692604065], [1936.8729248046875, 864.8270263671875, -0.19952577352523804, 0.9798925518989563], [1936.509033203125, 866.1556396484375, -0.3453649580478668, 0.9384684562683105], [1935.9144287109375, 867.4563598632812, -0.507691502571106, 0.8615389466285706], [1934.8310546875, 868.9204711914062, -0.6943296790122986, 0.7196570634841919], [1933.20458984375, 870.2900390625, -0.840598464012146, 0.5416588187217712], [1930.8704833984375, 871.4976196289062, -0.9314060807228088, 0.36398181319236755], [1928.660400390625, 872.2495727539062, -0.963642954826355, 0.2671933174133301], [1925.6009521484375, 872.9280395507812, -0.9899845123291016, 0.14117582142353058], [1922.5916748046875, 873.25390625, -0.998883843421936, 0.047234583646059036]], [[1932.248779296875, 880.5513305664062, -0.30808404088020325, -0.9513591527938843], [1931.5184326171875, 878.8197021484375, -0.3885463774204254, -0.9214291572570801], [1930.5123291015625, 877.1682739257812, -0.5203129053115845, -0.8539757132530212], [1929.1239013671875, 875.632568359375, -0.6706328392028809, -0.7417894601821899], [1927.259033203125, 874.2926025390625, -0.8120986819267273, -0.5835201740264893], [1924.8841552734375, 873.2564697265625, -0.9165635704994202, -0.3998889625072479], [1921.97802734375, 872.6023559570312, -0.9755938053131104, -0.21958303451538086], [1918.51513671875, 872.3468627929688, -0.9972892999649048, -0.07358061522245407], [1914.5648193359375, 872.3942260742188, -0.9999281167984009, 0.011990823782980442], [1910.1436767578125, 872.482421875, -0.999800980091095, 0.01995040848851204], [1905.3214111328125, 872.2540283203125, -0.9988805055618286, -0.047304458916187286], [1900.2069091796875, 871.4614868164062, -0.9882052540779114, -0.15313516557216644]], [[2029.5030517578125, 863.3159790039062, -0.05594351887702942, -0.9984339475631714], [2029.5030517578125, 863.3159790039062, -0.05594351887702942, -0.9984339475631714], [2029.5030517578125, 863.3159790039062, -0.05594351887702942, -0.9984339475631714], [2029.5030517578125, 863.3159790039062, -0.05594351887702942, -0.9984339475631714], [2029.5030517578125, 863.3159790039062, -0.05594351887702942, -0.9984339475631714], [2029.5030517578125, 863.3159790039062, -0.05594351887702942, -0.9984339475631714], [2029.5030517578125, 863.3159790039062, -0.05594351887702942, -0.9984339475631714], [2029.5030517578125, 863.3159790039062, -0.05594351887702942, -0.9984339475631714], [2029.5030517578125, 863.3159790039062, -0.05594351887702942, -0.9984339475631714], [2029.5030517578125, 863.3159790039062, -0.05594351887702942, -0.9984339475631714], [2029.5030517578125, 863.3159790039062, -0.05594351887702942, -0.9984339475631714], [2029.5030517578125, 863.3159790039062, -0.05594351887702942, -0.9984339475631714]]], "fut_adv": [[[1937.1473388671875, 862.1436767578125, -0.03740641847252846, 0.9993001222610474], [1937.1153564453125, 862.7993774414062, -0.057037487626075745, 0.9983720183372498], [1937.046630859375, 863.6676635742188, -0.10848812758922577, 0.9940977692604065], [1936.8729248046875, 864.8270263671875, -0.19952577352523804, 0.9798925518989563], [1936.509033203125, 866.1556396484375, -0.3453649580478668, 0.9384684562683105], [1935.9144287109375, 867.4563598632812, -0.507691502571106, 0.8615389466285706], [1934.8310546875, 868.9204711914062, -0.6943296790122986, 0.7196570634841919], [1933.20458984375, 870.2900390625, -0.840598464012146, 0.5416588187217712], [1930.8704833984375, 871.4976196289062, -0.9314060807228088, 0.36398181319236755], [1928.660400390625, 872.2495727539062, -0.963642954826355, 0.2671933174133301], [1925.6009521484375, 872.9280395507812, -0.9899845123291016, 0.14117582142353058], [1922.5916748046875, 873.25390625, -0.998883843421936, 0.047234583646059036]], [[1932.39990234375, 880.7218017578125, -0.253652960062027, -0.9672952890396118], [1932.040771484375, 879.2784423828125, -0.24138778448104858, -0.9704287648200989], [1931.6949462890625, 877.9613647460938, -0.25399887561798096, -0.9672045111656189], [1931.3106689453125, 876.7354736328125, -0.29920512437820435, -0.9541888236999512], [1930.8677978515625, 875.6062622070312, -0.3651266396045685, -0.9309578537940979], [1930.375, 874.6058959960938, -0.4418979287147522, -0.8970653414726257], [1929.8646240234375, 873.7682495117188, -0.520412027835846, -0.853915274143219], [1929.3834228515625, 873.110107421875, -0.5901522636413574, -0.8072919845581055], [1928.93896484375, 872.5787353515625, -0.6414949297904968, -0.7671273350715637], [1928.521240234375, 872.1240234375, -0.6765025854110718, -0.7364403009414673], [1928.1727294921875, 871.7700805664062, -0.7017898559570312, -0.7123841047286987], [1927.9344482421875, 871.5402221679688, -0.7198693156242371, -0.6941096186637878]], [[2029.5030517578125, 863.3159790039062, -0.05594351887702942, -0.9984339475631714], [2029.5030517578125, 863.3159790039062, -0.05594351887702942, -0.9984339475631714], [2029.5030517578125, 863.3159790039062, -0.05594351887702942, -0.9984339475631714], [2029.5030517578125, 863.3159790039062, -0.05594351887702942, -0.9984339475631714], [2029.5030517578125, 863.3159790039062, -0.05594351887702942, -0.9984339475631714], [2029.5030517578125, 863.3159790039062, -0.05594351887702942, -0.9984339475631714], [2029.5030517578125, 863.3159790039062, -0.05594351887702942, -0.9984339475631714], [2029.5030517578125, 863.3159790039062, -0.05594351887702942, -0.9984339475631714], [2029.5030517578125, 863.3159790039062, -0.05594351887702942, -0.9984339475631714], [2029.5030517578125, 863.3159790039062, -0.05594351887702942, -0.9984339475631714], [2029.5030517578125, 863.3159790039062, -0.05594351887702942, -0.9984339475631714], [2029.5030517578125, 863.3159790039062, -0.05594351887702942, -0.9984339475631714]]],