{"N": 3, "dt": 0.5, "map": "boston-seaport", "lw": [[4.084000110626221, 1.7300000190734863], [5.843999862670898, 2.252000093460083], [9.444999694824219, 3.868000030517578]], "sem": [[1.0, 0.0], [1.0, 0.0], [0.0, 1.0]], "past": [[[845.1043090820312, 1362.0177001953125, -0.8623405694961548, 0.5063287019729614, 7.676451206207275, 0.0009257702622562647], [841.8662109375, 1363.95458984375, -0.8627097010612488, 0.5056995153427124, 7.548180103302002, 0.0014592615189030766], [838.7236938476562, 1365.8486328125, -0.8615570068359375, 0.5076608061790466, 7.340102195739746, -0.004550952930003405], [834.966552734375, 1368.122314453125, -0.860295295715332, 0.5097960233688354, 7.326557159423828, -0.004137651063501835]], [[NaN, NaN, NaN, NaN, NaN, NaN], [885.7340087890625, 1332.8299560546875, -0.8496994972229004, 0.5272672772407532, 15.969359397888184, 0.011638347990810871], [878.8900146484375, 1336.93896484375, -0.8527526259422302, 0.5223150253295898, 15.969359397888184, 0.011638347990810871], [872.0449829101562, 1341.0469970703125, -0.8466176390647888, 0.5322016477584839, 13.318421363830566, -0.01941189542412758]], [[NaN, NaN, NaN, NaN, NaN, NaN], [NaN, NaN, NaN, NaN, NaN, NaN], [NaN, NaN, NaN, NaN, NaN, NaN], [748.2559814453125, 1407.427001953125, 0.831886351108551, -0.5549460649490356, 8.245278358459473, 0.0]]], "fut_init": [[[831.83154296875, 1369.9951171875, -0.860961377620697, 0.5086703300476074], [828.6840209960938, 1371.8658447265625, -0.8612603545188904, 0.5081639885902405], [825.5228271484375, 1373.7496337890625, -0.8609569072723389, 0.5086778998374939], [822.3841552734375, 1375.650146484375, -0.8590163588523865, 0.5119481682777405], [818.3341064453125, 1378.12451171875, -0.8584524989128113, 0.5128931403160095], [815.1875, 1380.0098876953125, -0.8629600405693054, 0.5052722096443176], [812.0239868164062, 1381.9171142578125, -0.8576233983039856, 0.5142782330513], [808.91357421875, 1383.812744140625, -0.8568848371505737, 0.5155078768730164], [805.6915893554688, 1385.771484375, -0.8563455939292908, 0.5164031386375427], [802.4586181640625, 1387.7637939453125, -0.8556413650512695, 0.5175691843032837], [799.14306640625, 1389.818603515625, -0.857005774974823, 0.515306830406189], [796.1546020507812, 1391.666748046875, -0.8554965257644653, 0.5178085565567017]], [[865.7891235351562, 1345.020263671875, -0.8441342711448669, 0.5361318588256836], [859.311767578125, 1349.1766357421875, -0.8416269421577454, 0.5400594472885132], [852.7023315429688, 1353.4100341796875, -0.8420754671096802, 0.5393597483634949], [845.9765625, 1357.63818359375, -0.8466052412986755, 0.5322213768959045], [839.1317138671875, 1361.782958984375, -0.8553974032402039, 0.5179723501205444], [832.1685791015625, 1365.8050537109375, -0.8659245371818542, 0.5001747608184814], [825.1264038085938, 1369.7275390625, -0.8736217617988586, 0.48660561442375183], [818.0680541992188, 1373.6324462890625, -0.8750197291374207, 0.4840872883796692], [811.0927734375, 1377.697998046875, -0.8639601469039917, 0.5035602450370789], [804.2901000976562, 1382.0699462890625, -0.8412439227104187, 0.5406558513641357], [797.6394653320312, 1386.7666015625, -0.8168438076972961, 0.5768589973449707], [791.0659790039062, 1391.7244873046875, -0.7983801364898682, 0.6021537780761719]], [[751.7687377929688, 1405.1019287109375, 0.8338853120803833, -0.5519377589225769], [755.2901611328125, 1402.7803955078125, 0.8349003195762634, -0.5504012107849121], [758.7965698242188, 1400.4688720703125, 0.8349065184593201, -0.5503918528556824], [762.2786865234375, 1398.1641845703125, 0.8338925242424011, -0.551926851272583], [765.7379150390625, 1395.8548583984375, 0.8316946029663086, -0.5552334189414978], [769.1719360351562, 1393.540771484375, 0.8292774558067322, -0.5588371753692627], [772.5928344726562, 1391.227294921875, 0.8283616900444031, -0.5601935982704163], [776.0115356445312, 1388.9234619140625, 0.829281747341156, -0.558830738067627], [779.4365844726562, 1386.6397705078125, 0.8320179581642151, -0.5547487139701843], [782.8697509765625, 1384.390869140625, 0.8365107774734497, -0.5479505062103271], [786.3242797851562, 1382.1837158203125, 0.8426846861839294, -0.5384074449539185], [789.8130493164062, 1380.01806640625, 0.8496208786964417, -0.5273939967155457]]], "fut_adv": [[[831.83154296875, 1369.9951171875, -0.860961377620697, 0.5086703300476074], [828.6840209960938, 1371.8658447265625, -0.8612603545188904, 0.5081639885902405], [825.5228271484375, 1373.7496337890625, -0.8609569072723389, 0.5086778998374939], [822.3841552734375, 1375.650146484375, -0.8590163588523865, 0.5119481682777405], [818.3341064453125, 1378.12451171875, -0.8584524989128113, 0.5128931403160095], [815.1875, 1380.0098876953125, -0.8629600405693054, 0.5052722096443176], [812.0239868164062, 1381.9171142578125, -0.8576233983039856, 0.5142782330513], [808.91357421875, 1383.812744140625, -0.8568848371505737, 0.5155078768730164], [805.6915893554688, 1385.771484375, -0.8563455939292908, 0.5164031386375427], [802.4586181640625, 1387.7637939453125, -0.8556413650512695, 0.5175691843032837], [799.14306640625, 1389.818603515625, -0.857005774974823, 0.515306830406189], [796.1546020507812, 1391.666748046875, -0.8554965257644653, 0.5178085565567017]], [[865.8231201171875, 1345.069091796875, -0.8398054838180542, 0.5428874492645264], [859.4525756835938, 1349.3558349609375, -0.8296554684638977, 0.5582757592201233], [853.0289916992188, 1353.84814453125, -0.8194825649261475, 0.5731041431427002], [846.5830688476562, 1358.474365234375, -0.8124234080314636, 0.5830679535865784], [840.1087036132812, 1363.1678466796875, -0.809638261795044, 0.5869292616844177], [833.5554809570312, 1367.84814453125, -0.813769519329071, 0.5811877250671387], [826.8822631835938, 1372.439208984375, -0.8238580226898193, 0.5667963027954102], [820.081298828125, 1376.9151611328125, -0.8353272080421448, 0.5497530698776245], [813.172607421875, 1381.2987060546875, -0.8443772792816162, 0.5357490181922913], [806.1787109375, 1385.618896484375, -0.8507726788520813, 0.52553391456604], [799.1500854492188, 1389.96044921875, -0.850780725479126, 0.525520920753479], [792.1432495117188, 1394.4322509765625, -0.8429603576660156, 0.5379757285118103]], [[751.7684936523438, 1405.103759765625, 0.8340653777122498, -0.5516656637191772], [755.2903442382812, 1402.786865234375, 0.8354344367980957, -0.5495901107788086], [758.8009033203125, 1400.4805908203125, 0.8357796669006348, -0.5490649938583374], [762.2901611328125, 1398.18115234375, 0.8349974155426025, -0.5502539277076721], [765.7594604492188, 1395.87646484375, 0.8329599499702454, -0.5533332824707031], [769.2120361328125, 1393.562744140625, 0.8307173252105713, -0.556694507598877], [772.6555786132812, 1391.2410888671875, 0.8291578888893127, -0.5590144991874695], [776.1046142578125, 1388.9217529296875, 0.8298197984695435, -0.558031439781189], [779.5684814453125, 1386.61962890625, 0.8328313827514648, -0.553526759147644], [783.0524291992188, 1384.355712890625, 0.8385109901428223, -0.5448847413063049], [786.5638427734375, 1382.1370849609375, 0.8453884124755859, -0.534152090549469], [790.1051025390625, 1379.966064453125, 0.852535605430603, -0.5226691961288452]]],