{"N": 3, "dt": 0.5, "map": "singapore-onenorth", "lw": [[4.084000110626221, 1.7300000190734863], [4.2870001792907715, 1.843000054359436], [4.205999851226807, 2.0810000896453857]], "sem": [[1.0, 0.0], [1.0, 0.0], [1.0, 0.0]], "past": [[[134.11390686035156, 1036.8084716796875, 0.23466646671295166, 0.9720759391784668, 6.3325653076171875, 0.005035570822656155], [134.84518432617188, 1039.9130859375, 0.2376711517572403, 0.9713456630706787, 6.387471675872803, 0.006192272063344717], [135.66038513183594, 1043.321044921875, 0.24311722815036774, 0.9699969291687012, 6.375177383422852, 0.010207725688815117], [136.4047088623047, 1046.3447265625, 0.24786506593227386, 0.968794584274292, 6.229881286621094, 0.009798413142561913]], [[NaN, NaN, NaN, NaN, NaN, NaN], [152.14300537109375, 1102.9410400390625, -0.5245804190635681, -0.8513609170913696, 4.046973705291748, 0.0], [150.33299255371094, 1101.64794921875, -0.5245804190635681, -0.8513609170913696, 4.046973705291748, 0.0], [149.052001953125, 1099.927001953125, -0.4762381911277771, -0.8793163299560547, 4.292140483856201, -0.11173523217439651]], [[NaN, NaN, NaN, NaN, NaN, NaN], [NaN, NaN, NaN, NaN, NaN, NaN], [NaN, NaN, NaN, NaN, NaN, NaN], [148.35800170898438, 1122.594970703125, -0.27348917722702026, -0.9618750810623169, 0.19258689880371094, -0.03877648338675499]]], "fut_init": [[[137.07569885253906, 1049.04736328125, 0.24959585070610046, 0.9683501124382019], [137.82061767578125, 1052.007080078125, 0.2536191940307617, 0.9673041701316833], [138.64291381835938, 1055.2510986328125, 0.2527182102203369, 0.96753990650177], [139.3830108642578, 1058.1612548828125, 0.2526349127292633, 0.967561662197113], [140.09535217285156, 1060.979248046875, 0.2522636651992798, 0.967658519744873], [140.83702087402344, 1063.8175048828125, 0.2533665895462036, 0.967370331287384], [141.54296875, 1066.5572509765625, 0.25250381231307983, 0.9675958752632141], [142.32440185546875, 1069.6524658203125, 0.24884893000125885, 0.9685423374176025], [142.92715454101562, 1072.1177978515625, 0.2469693422317505, 0.9690232872962952], [143.5237579345703, 1074.52783203125, 0.24630515277385712, 0.9691923260688782], [144.097900390625, 1076.9144287109375, 0.24307869374752045, 0.9700065851211548], [144.6542510986328, 1079.227294921875, 0.23743374645709991, 0.9714037179946899]], [[148.05882263183594, 1098.052978515625, -0.4682777523994446, -0.8835813403129578], [147.12611389160156, 1096.1788330078125, -0.44553786516189575, -0.8952630758285522], [146.23155212402344, 1094.2352294921875, -0.4180918037891388, -0.9084047675132751], [145.35081481933594, 1092.1787109375, -0.39368993043899536, -0.9192432761192322], [144.46728515625, 1089.960693359375, -0.37007200717926025, -0.9290030598640442], [143.5828094482422, 1087.53759765625, -0.34288474917411804, -0.93937748670578], [142.71925354003906, 1084.8731689453125, -0.30831924080848694, -0.9512829780578613], [141.90457153320312, 1081.9813232421875, -0.27116304636001587, -0.9625334143638611], [141.16566467285156, 1078.8734130859375, -0.2313036322593689, -0.9728816151618958], [140.52183532714844, 1075.5694580078125, -0.1912638545036316, -0.9815386533737183], [139.92868041992188, 1072.0787353515625, -0.16751819849014282, -0.9858689904212952], [139.28480529785156, 1068.4466552734375, -0.17454996705055237, -0.9846483469009399]], [[148.35800170898438, 1122.594970703125, -0.2698458731174469, -0.9629035592079163], [148.35800170898438, 1122.594970703125, -0.2698458731174469, -0.9629035592079163], [148.35800170898438, 1122.594970703125, -0.2698458731174469, -0.9629035592079163], [148.35800170898438, 1122.594970703125, -0.2698458731174469, -0.9629035592079163], [148.35800170898438, 1122.594970703125, -0.2698458731174469, -0.9629035592079163], [148.35800170898438, 1122.594970703125, -0.2698458731174469, -0.9629035592079163], [148.35800170898438, 1122.594970703125, -0.2698458731174469, -0.9629035592079163], [148.35800170898438, 1122.594970703125, -0.2698458731174469, -0.9629035592079163], [148.35800170898438, 1122.594970703125, -0.2698458731174469, -0.9629035592079163], [148.35800170898438, 1122.594970703125, -0.2698458731174469, -0.9629035592079163], [148.35800170898438, 1122.594970703125, -0.2698458731174469, -0.9629035592079163], [148.35800170898438, 1122.594970703125, -0.2698458731174469, -0.9629035592079163]]], "fut_adv": [[[137.07569885253906, 1049.04736328125, 0.24959585070610046, 0.9683501124382019], [137.82061767578125, 1052.007080078125, 0.2536191940307617, 0.9673041701316833], [138.64291381835938, 1055.2510986328125, 0.2527182102203369, 0.96753990650177], [139.3830108642578, 1058.1612548828125, 0.2526349127292633, 0.967561662197113], [140.09535217285156, 1060.979248046875, 0.2522636651992798, 0.967658519744873], [140.83702087402344, 1063.8175048828125, 0.2533665895462036, 0.967370331287384], [141.54296875, 1066.5572509765625, 0.25250381231307983, 0.9675958752632141], [142.32440185546875, 1069.6524658203125, 0.24884893000125885, 0.9685423374176025], [142.92715454101562, 1072.1177978515625, 0.2469693422317505, 0.9690232872962952], [143.5237579345703, 1074.52783203125, 0.24630515277385712, 0.9691923260688782], [144.097900390625, 1076.9144287109375, 0.24307869374752045, 0.9700065851211548], [144.6542510986328, 1079.227294921875, 0.23743374645709991, 0.9714037179946899]], [[148.10675048828125, 1097.99072265625, -0.43868693709373474, -0.898639976978302], [147.27938842773438, 1095.984375, -0.38124093413352966, -0.9244757294654846], [146.56785583496094, 1093.8609619140625, -0.31772381067276, -0.9481832981109619], [145.95848083496094, 1091.583740234375, -0.2584962546825409, -0.9660122394561768], [145.4381103515625, 1089.138671875, -0.20815928280353546, -0.9780949354171753], [144.98597717285156, 1086.53515625, -0.17109830677509308, -0.9852539896965027], [144.58160400390625, 1083.76904296875, -0.14464804530143738, -0.9894831776618958], [144.2016143798828, 1080.8397216796875, -0.128642275929451, -0.9916910529136658], [143.84695434570312, 1077.7666015625, -0.11464632302522659, -0.993406355381012], [143.5559844970703, 1074.5289306640625, -0.08951009064912796, -0.9959859251976013], [143.3020782470703, 1071.1414794921875, -0.07474613934755325, -0.9972025752067566], [143.01722717285156, 1067.6357421875, -0.08098573237657547, -0.996715247631073]], [[148.35800170898438, 1122.594970703125, -0.26981374621391296, -0.9629125595092773], [148.35800170898438, 1122.594970703125, -0.26981374621391296, -0.9629125595092773], [148.35800170898438, 1122.594970703125, -0.26981374621391296, -0.9629125595092773], [148.35800170898438, 1122.594970703125, -0.26981374621391296, -0.9629125595092773], [148.35800170898438, 1122.594970703125, -0.26981374621391296, -0.9629125595092773], [148.35800170898438, 1122.594970703125, -0.26981374621391296, -0.9629125595092773], [148.35800170898438, 1122.594970703125, -0.26981374621391296, -0.9629125595092773], [148.35800170898438, 1122.594970703125, -0.26981374621391296, -0.9629125595092773], [148.35800170898438, 1122.594970703125, -0.26981374621391296, -0.9629125595092773], [148.35800170898438, 1122.594970703125, -0.26981374621391296, -0.9629125595092773], [148.35800170898438, 1122.594970703125, -0.26981374621391296, -0.9629125595092773], [148.35800170898438, 1122.594970703125, -0.26981374621391296, -0.9629125595092773]]],